Age,Monthly_Income,Investment_Experience,Risk_Tolerance,Investment_Horizon,Financial_Goal,Loss_Reaction,Risk_Profile
47,200000,16,3,176,wealth,buy-more,Aggressive
46,5000,18,2,117,emergency,panic-sell,Conservative
57,5000,16,1,254,emergency,panic-sell,Conservative
59,10000,9,3,176,retirement,buy-more,Conservative
45,10000,5,1,206,education,panic-sell,Conservative
33,200000,8,1,73,education,panic-sell,Moderate
40,200000,14,2,258,wealth,hold,Conservative
45,10000,5,1,206,education,panic-sell,Conservative
58,35000,24,3,252,wealth,hold,Aggressive
37,75000,2,4,147,wealth,buy-more,Aggressive
57,200000,13,3,332,wealth,hold,Aggressive
61,10000,3,2,353,education,buy-more,Moderate
35,200000,6,4,152,retirement,buy-more,Aggressive
39,75000,28,2,104,education,panic-sell,Conservative
56,200000,19,3,49,wealth,hold,Aggressive
60,75000,3,1,137,education,panic-sell,Conservative
43,75000,23,1,13,emergency,panic-sell,Conservative
43,5000,27,4,101,wealth,hold,Aggressive
30,5000,15,3,231,wealth,buy-more,Aggressive
51,75000,18,5,23,education,buy-more,Moderate
41,75000,24,5,296,education,buy-more,Aggressive
51,200000,8,4,159,wealth,hold,Aggressive
23,50000,8,1,101,retirement,panic-sell,Conservative
63,200000,21,5,323,wealth,buy-more,Aggressive
46,75000,20,1,113,wealth,panic-sell,Moderate
48,20000,13,3,34,emergency,panic-sell,Conservative
30,20000,21,4,280,retirement,buy-more,Aggressive
61,35000,15,4,213,wealth,hold,Aggressive
52,150000,16,3,35,retirement,buy-more,Moderate
57,20000,21,3,176,retirement,hold,Moderate
32,100000,7,5,92,wealth,panic-sell,Aggressive
49,20000,16,3,160,education,buy-more,Moderate
44,100000,23,3,64,emergency,panic-sell,Moderate
38,75000,27,5,185,emergency,hold,Aggressive
26,150000,21,3,185,education,buy-more,Aggressive
26,35000,26,5,276,retirement,hold,Conservative
49,75000,12,4,288,education,hold,Moderate
29,20000,3,1,202,emergency,panic-sell,Conservative
22,100000,28,1,213,wealth,buy-more,Aggressive
23,100000,5,1,161,wealth,buy-more,Aggressive
45,5000,3,1,154,education,hold,Moderate
59,50000,9,1,193,emergency,panic-sell,Conservative
27,150000,9,1,252,education,buy-more,Moderate
62,50000,12,2,289,wealth,panic-sell,Moderate
64,200000,1,2,16,emergency,buy-more,Moderate
62,200000,25,3,73,education,buy-more,Moderate
48,150000,0,1,278,emergency,panic-sell,Conservative
26,150000,12,3,137,retirement,panic-sell,Aggressive
36,100000,9,3,348,emergency,hold,Moderate
49,150000,15,4,195,retirement,panic-sell,Conservative
44,75000,10,1,100,emergency,panic-sell,Conservative
36,35000,21,5,222,wealth,buy-more,Aggressive
55,200000,10,3,65,retirement,buy-more,Conservative
53,5000,28,5,170,education,hold,Moderate
44,5000,4,1,116,emergency,panic-sell,Conservative
24,5000,14,3,283,education,buy-more,Aggressive
61,35000,25,4,249,emergency,hold,Conservative
37,200000,2,1,70,emergency,panic-sell,Conservative
38,75000,27,5,185,emergency,hold,Aggressive
24,5000,14,3,283,education,buy-more,Aggressive
55,100000,26,1,193,education,buy-more,Conservative
56,75000,14,4,155,wealth,hold,Aggressive
56,10000,27,4,189,wealth,buy-more,Aggressive
61,35000,25,4,249,emergency,hold,Conservative
37,75000,2,4,147,wealth,buy-more,Aggressive
40,200000,14,2,258,wealth,hold,Conservative
34,100000,4,3,59,wealth,buy-more,Aggressive
55,100000,26,1,193,education,buy-more,Conservative
51,50000,29,3,167,wealth,buy-more,Aggressive
44,50000,8,1,73,emergency,buy-more,Moderate
40,75000,19,3,111,emergency,buy-more,Moderate
43,75000,23,1,13,emergency,panic-sell,Conservative
24,20000,7,1,30,education,panic-sell,Conservative
51,50000,29,3,167,wealth,buy-more,Aggressive
22,5000,26,5,251,emergency,hold,Conservative
23,50000,21,4,205,wealth,hold,Aggressive
56,75000,7,3,251,education,buy-more,Moderate
35,10000,1,1,296,education,hold,Moderate
38,35000,17,3,230,education,buy-more,Conservative
43,75000,28,2,101,education,panic-sell,Moderate
50,5000,23,3,146,retirement,hold,Moderate
33,150000,20,5,303,wealth,hold,Aggressive
61,35000,25,4,249,emergency,hold,Conservative
53,200000,18,1,217,education,buy-more,Moderate
28,150000,11,4,246,emergency,hold,Aggressive
47,35000,3,3,286,wealth,hold,Moderate
26,50000,22,1,211,wealth,hold,Aggressive
22,5000,26,5,251,emergency,hold,Conservative
48,20000,1,1,319,education,buy-more,Moderate
54,75000,12,5,123,wealth,buy-more,Aggressive
58,20000,5,1,8,education,panic-sell,Conservative
58,20000,5,1,8,education,panic-sell,Conservative
50,5000,25,5,42,retirement,buy-more,Aggressive
22,35000,17,4,132,emergency,hold,Aggressive
33,5000,22,1,156,education,hold,Conservative
58,20000,5,1,8,education,panic-sell,Conservative
61,35000,25,4,249,emergency,hold,Conservative
27,20000,27,3,59,emergency,hold,Moderate
57,50000,9,3,276,retirement,buy-more,Conservative
25,20000,16,4,6,retirement,panic-sell,Moderate
49,5000,15,5,57,emergency,panic-sell,Conservative
46,200000,21,2,315,wealth,hold,Aggressive
44,150000,13,2,81,wealth,hold,Aggressive
55,10000,26,5,242,education,buy-more,Conservative
32,200000,26,5,345,wealth,panic-sell,Aggressive
38,10000,20,3,23,education,panic-sell,Moderate
22,200000,16,5,346,retirement,buy-more,Aggressive
49,100000,6,2,134,retirement,panic-sell,Aggressive
55,100000,26,1,193,education,buy-more,Conservative
36,5000,2,1,27,retirement,panic-sell,Conservative
29,75000,1,2,235,wealth,buy-more,Aggressive
54,75000,26,2,309,emergency,hold,Moderate
32,20000,17,5,342,wealth,buy-more,Aggressive
44,75000,10,1,100,emergency,panic-sell,Conservative
52,10000,18,3,101,wealth,hold,Moderate
44,75000,10,1,100,emergency,panic-sell,Conservative
47,50000,10,3,25,education,panic-sell,Moderate
33,50000,7,3,278,emergency,buy-more,Moderate
23,50000,21,5,196,wealth,buy-more,Aggressive
37,50000,26,2,289,wealth,hold,Aggressive
61,35000,24,1,155,retirement,panic-sell,Moderate
58,75000,2,5,92,education,buy-more,Moderate
45,50000,11,5,178,education,hold,Aggressive
50,100000,5,5,190,retirement,hold,Aggressive
47,35000,19,5,146,education,buy-more,Aggressive
46,10000,11,5,13,retirement,buy-more,Conservative
39,5000,2,2,196,emergency,panic-sell,Conservative
28,5000,22,2,192,wealth,hold,Aggressive
46,200000,27,2,315,education,buy-more,Moderate
26,35000,26,5,276,retirement,hold,Conservative
52,50000,4,5,251,wealth,hold,Aggressive
56,20000,11,3,204,wealth,buy-more,Aggressive
52,50000,4,5,251,wealth,hold,Aggressive
31,75000,21,4,285,wealth,hold,Aggressive
52,35000,1,4,343,emergency,hold,Moderate
44,35000,21,5,11,emergency,panic-sell,Moderate
59,10000,9,3,176,retirement,buy-more,Conservative
47,10000,6,4,331,retirement,hold,Moderate
37,10000,13,4,76,retirement,hold,Moderate
47,50000,29,5,220,retirement,panic-sell,Moderate
40,35000,11,4,147,emergency,buy-more,Aggressive
36,5000,2,1,27,retirement,panic-sell,Conservative
44,5000,4,1,116,emergency,panic-sell,Conservative
27,35000,29,5,63,wealth,hold,Aggressive
34,150000,15,1,55,education,hold,Moderate
52,20000,17,5,168,wealth,hold,Aggressive
38,35000,17,3,230,education,buy-more,Conservative
58,20000,5,1,8,education,panic-sell,Conservative
41,35000,1,1,205,education,panic-sell,Moderate
55,200000,10,3,65,retirement,buy-more,Conservative
39,200000,22,3,328,education,buy-more,Aggressive
50,5000,25,5,42,retirement,buy-more,Aggressive
41,10000,2,5,78,retirement,buy-more,Moderate
31,50000,24,5,11,retirement,panic-sell,Moderate
51,50000,29,3,167,wealth,buy-more,Aggressive
41,35000,18,5,278,emergency,panic-sell,Moderate
43,5000,27,5,247,retirement,hold,Aggressive
55,100000,4,4,12,retirement,buy-more,Moderate
33,5000,22,1,156,education,hold,Conservative
51,75000,13,4,195,wealth,hold,Aggressive
30,50000,17,2,301,education,panic-sell,Moderate
41,200000,27,3,100,emergency,buy-more,Moderate
42,5000,16,2,185,retirement,buy-more,Moderate
45,150000,6,5,144,retirement,buy-more,Conservative
22,5000,26,5,251,emergency,hold,Conservative
50,200000,29,4,48,retirement,hold,Aggressive
23,50000,8,1,101,retirement,panic-sell,Conservative
26,35000,26,5,276,retirement,hold,Conservative
55,100000,27,3,141,education,hold,Moderate
30,150000,22,4,116,wealth,panic-sell,Aggressive
29,200000,18,1,205,wealth,hold,Aggressive
48,200000,19,5,64,retirement,hold,Aggressive
22,150000,14,4,357,education,panic-sell,Aggressive
61,35000,25,4,249,emergency,hold,Conservative
40,50000,5,5,94,retirement,buy-more,Aggressive
30,75000,27,3,222,education,panic-sell,Moderate
22,100000,20,3,97,education,buy-more,Aggressive
49,75000,13,3,342,emergency,hold,Moderate
42,150000,4,4,82,emergency,hold,Conservative
32,50000,10,4,313,emergency,panic-sell,Moderate
40,35000,11,4,147,emergency,buy-more,Aggressive
51,200000,9,1,110,wealth,hold,Moderate
53,100000,23,2,313,education,buy-more,Moderate
25,150000,7,4,110,retirement,buy-more,Aggressive
22,75000,3,5,92,wealth,panic-sell,Moderate
30,5000,12,4,214,wealth,buy-more,Aggressive
46,200000,21,2,315,wealth,hold,Aggressive
59,50000,9,1,193,emergency,panic-sell,Conservative
35,150000,7,4,95,retirement,hold,Conservative
25,35000,2,5,123,retirement,panic-sell,Moderate
42,10000,16,2,271,wealth,panic-sell,Conservative
35,10000,18,2,37,retirement,buy-more,Moderate
54,35000,25,4,113,emergency,panic-sell,Moderate
24,5000,27,2,163,emergency,buy-more,Moderate
30,20000,4,5,290,wealth,buy-more,Aggressive
59,10000,9,3,176,retirement,buy-more,Conservative
26,150000,21,1,68,emergency,buy-more,Moderate
43,35000,10,2,146,emergency,hold,Moderate
62,150000,16,4,193,retirement,hold,Aggressive
50,35000,13,2,261,retirement,panic-sell,Moderate
56,10000,27,4,189,wealth,buy-more,Aggressive
32,150000,27,3,299,emergency,panic-sell,Moderate
41,10000,18,3,265,wealth,hold,Aggressive
44,35000,3,2,92,wealth,buy-more,Moderate
62,50000,0,5,156,retirement,buy-more,Aggressive
35,150000,10,5,292,wealth,panic-sell,Aggressive
39,5000,2,2,196,emergency,panic-sell,Conservative
55,100000,6,5,217,education,hold,Aggressive
31,100000,1,4,353,emergency,panic-sell,Moderate
46,75000,5,1,192,emergency,panic-sell,Conservative
29,150000,5,4,123,emergency,panic-sell,Moderate
23,50000,8,1,101,retirement,panic-sell,Conservative
63,10000,20,5,333,retirement,buy-more,Aggressive
61,35000,25,4,249,emergency,hold,Conservative
49,20000,2,2,235,education,panic-sell,Conservative
50,75000,18,5,73,wealth,buy-more,Aggressive
30,150000,22,4,116,wealth,panic-sell,Aggressive
42,150000,4,4,82,emergency,hold,Conservative
48,10000,25,3,146,education,hold,Moderate
39,75000,28,2,104,education,panic-sell,Conservative
55,100000,26,1,193,education,buy-more,Conservative
56,150000,29,3,104,wealth,buy-more,Aggressive
49,5000,8,3,93,emergency,buy-more,Moderate
33,75000,0,5,293,education,buy-more,Aggressive
31,50000,26,1,323,emergency,buy-more,Moderate
24,35000,13,4,254,wealth,buy-more,Aggressive
34,100000,2,3,201,education,panic-sell,Moderate
57,200000,10,2,250,emergency,panic-sell,Moderate
54,50000,20,3,143,emergency,hold,Moderate
23,50000,2,5,180,emergency,hold,Moderate
46,10000,11,5,13,retirement,buy-more,Conservative
36,75000,17,4,182,retirement,buy-more,Aggressive
26,20000,27,3,117,retirement,panic-sell,Moderate
54,50000,19,4,349,wealth,buy-more,Aggressive
49,150000,15,4,195,retirement,panic-sell,Conservative
33,50000,19,2,334,emergency,buy-more,Moderate
36,5000,2,1,27,retirement,panic-sell,Conservative
50,5000,25,5,42,retirement,buy-more,Aggressive
54,200000,18,5,342,emergency,panic-sell,Moderate
56,10000,27,4,189,wealth,buy-more,Aggressive
59,10000,9,3,176,retirement,buy-more,Conservative
34,50000,11,5,290,wealth,hold,Aggressive
24,75000,2,5,266,wealth,buy-more,Aggressive
45,20000,5,4,338,wealth,buy-more,Aggressive
46,75000,5,1,192,emergency,panic-sell,Conservative
35,35000,16,5,51,retirement,buy-more,Aggressive
51,35000,4,1,283,emergency,buy-more,Moderate
58,35000,24,3,252,wealth,hold,Aggressive
33,35000,27,4,351,wealth,panic-sell,Aggressive
44,20000,28,3,222,wealth,hold,Aggressive
55,200000,10,3,65,retirement,buy-more,Conservative
47,50000,4,1,183,wealth,hold,Moderate
63,35000,1,5,326,emergency,buy-more,Moderate
32,20000,22,5,289,emergency,panic-sell,Moderate
27,75000,26,1,339,retirement,panic-sell,Moderate
35,150000,7,4,95,retirement,hold,Conservative
38,5000,10,1,100,retirement,buy-more,Moderate
54,35000,29,4,312,wealth,buy-more,Aggressive
53,35000,27,1,213,retirement,hold,Moderate
32,200000,22,5,44,emergency,hold,Aggressive
51,5000,21,3,62,education,hold,Conservative
61,10000,18,1,335,emergency,buy-more,Moderate
57,5000,16,1,254,emergency,panic-sell,Conservative
62,5000,27,4,347,wealth,hold,Aggressive
57,20000,18,1,151,wealth,hold,Moderate
50,20000,0,1,293,education,buy-more,Aggressive
39,5000,2,2,196,emergency,panic-sell,Conservative
57,200000,13,3,332,wealth,hold,Aggressive
52,150000,20,5,213,wealth,hold,Aggressive
53,5000,1,1,103,retirement,panic-sell,Conservative
45,10000,14,2,235,emergency,buy-more,Moderate
56,75000,27,1,136,wealth,hold,Moderate
36,75000,17,4,182,retirement,buy-more,Aggressive
24,20000,7,1,30,education,panic-sell,Conservative
29,10000,22,4,227,education,hold,Aggressive
46,5000,19,4,10,wealth,panic-sell,Moderate
36,75000,17,4,182,retirement,buy-more,Aggressive
55,10000,26,5,242,education,buy-more,Conservative
23,75000,29,4,104,education,panic-sell,Moderate
48,50000,23,3,148,emergency,buy-more,Moderate
33,5000,22,1,156,education,hold,Conservative
26,10000,23,3,69,wealth,panic-sell,Moderate
38,100000,23,5,114,education,panic-sell,Moderate
34,35000,23,4,238,wealth,hold,Aggressive
33,75000,13,1,50,education,buy-more,Moderate
60,75000,3,1,137,education,panic-sell,Conservative
33,5000,22,1,156,education,hold,Conservative
53,100000,20,2,106,education,panic-sell,Moderate
36,5000,2,1,27,retirement,panic-sell,Conservative
34,50000,11,5,290,wealth,hold,Aggressive
41,10000,1,4,121,emergency,panic-sell,Moderate
45,20000,5,4,338,wealth,buy-more,Aggressive
58,50000,7,5,256,wealth,hold,Aggressive
22,35000,11,4,327,education,buy-more,Aggressive
40,50000,7,1,268,wealth,hold,Moderate
35,150000,7,4,95,retirement,hold,Conservative
28,10000,5,2,287,wealth,panic-sell,Moderate
44,5000,24,5,354,retirement,hold,Aggressive
35,75000,6,5,184,wealth,buy-more,Aggressive
55,200000,10,3,65,retirement,buy-more,Conservative
37,20000,17,4,195,wealth,buy-more,Aggressive
28,35000,27,1,30,emergency,hold,Moderate
62,50000,4,1,320,emergency,panic-sell,Conservative
39,5000,2,2,196,emergency,panic-sell,Conservative
55,100000,26,1,193,education,buy-more,Conservative
48,150000,0,1,278,emergency,panic-sell,Conservative
49,5000,15,5,57,emergency,panic-sell,Conservative
37,150000,7,5,198,emergency,hold,Aggressive
46,10000,21,4,356,emergency,panic-sell,Moderate
33,100000,12,5,337,retirement,buy-more,Aggressive
22,5000,26,5,251,emergency,hold,Conservative
31,20000,27,2,76,retirement,panic-sell,Moderate
36,5000,11,5,82,emergency,hold,Conservative
32,10000,12,4,51,wealth,buy-more,Aggressive
57,5000,16,1,254,emergency,panic-sell,Conservative
58,10000,21,5,223,education,buy-more,Aggressive
49,50000,19,2,301,wealth,hold,Moderate
38,20000,23,2,251,emergency,hold,Moderate
26,75000,18,2,151,emergency,buy-more,Moderate
43,50000,0,3,202,emergency,panic-sell,Moderate
46,10000,11,5,13,retirement,buy-more,Conservative
43,5000,27,5,247,retirement,hold,Aggressive
24,75000,2,5,266,wealth,buy-more,Aggressive
26,100000,8,3,91,retirement,hold,Aggressive
22,5000,26,5,251,emergency,hold,Conservative
51,150000,24,3,61,retirement,panic-sell,Moderate
25,150000,7,4,110,retirement,buy-more,Aggressive
55,100000,26,1,193,education,buy-more,Conservative
28,150000,23,5,50,wealth,hold,Aggressive
49,5000,15,5,57,emergency,panic-sell,Conservative
30,5000,2,1,98,education,panic-sell,Conservative
58,20000,5,1,8,education,panic-sell,Conservative
43,150000,12,4,49,retirement,hold,Aggressive
22,150000,14,4,357,education,panic-sell,Aggressive
61,150000,10,5,309,emergency,buy-more,Aggressive
23,200000,12,4,56,retirement,hold,Aggressive
45,10000,27,1,27,emergency,panic-sell,Conservative
51,75000,29,4,193,wealth,panic-sell,Moderate
49,150000,7,1,52,retirement,hold,Moderate
47,200000,23,4,215,retirement,hold,Aggressive
26,75000,4,5,33,emergency,buy-more,Moderate
24,20000,28,4,81,retirement,panic-sell,Moderate
48,200000,26,3,187,wealth,hold,Aggressive
47,100000,1,3,82,wealth,buy-more,Moderate
24,20000,7,1,30,education,panic-sell,Conservative
54,20000,22,2,89,emergency,buy-more,Moderate
58,20000,5,1,8,education,panic-sell,Conservative
37,200000,26,2,141,education,buy-more,Aggressive
47,50000,20,5,303,education,hold,Aggressive
30,5000,14,4,132,education,hold,Moderate
44,20000,28,3,222,wealth,hold,Aggressive
49,20000,2,2,235,education,panic-sell,Conservative
54,10000,8,2,294,retirement,hold,Moderate
56,100000,11,1,291,wealth,panic-sell,Moderate
37,200000,2,1,70,emergency,panic-sell,Conservative
62,50000,4,1,320,emergency,panic-sell,Conservative
43,10000,4,1,42,emergency,panic-sell,Conservative
51,200000,8,4,159,wealth,hold,Aggressive
51,50000,8,5,165,emergency,panic-sell,Moderate
29,100000,18,2,134,retirement,panic-sell,Moderate
29,35000,9,5,91,retirement,hold,Aggressive
27,50000,7,4,111,retirement,panic-sell,Moderate
60,20000,20,2,307,retirement,buy-more,Moderate
41,10000,28,5,75,retirement,buy-more,Aggressive
57,5000,16,1,254,emergency,panic-sell,Conservative
44,75000,10,1,100,emergency,panic-sell,Conservative
27,50000,10,5,102,retirement,hold,Aggressive
25,75000,7,1,79,retirement,buy-more,Moderate
36,5000,2,1,27,retirement,panic-sell,Conservative
55,100000,26,1,193,education,buy-more,Conservative
60,150000,23,1,355,emergency,panic-sell,Moderate
43,10000,4,1,42,emergency,panic-sell,Conservative
32,200000,22,5,44,emergency,hold,Aggressive
49,200000,29,3,229,retirement,hold,Aggressive
24,20000,7,1,30,education,panic-sell,Conservative
48,5000,27,2,206,wealth,panic-sell,Moderate
45,75000,6,1,332,education,hold,Moderate
59,50000,9,1,193,emergency,panic-sell,Conservative
35,200000,22,5,84,wealth,buy-more,Aggressive
48,150000,0,1,278,emergency,panic-sell,Conservative
59,10000,25,4,151,wealth,buy-more,Aggressive
42,10000,16,2,271,wealth,panic-sell,Conservative
36,5000,2,1,27,retirement,panic-sell,Conservative
35,150000,7,4,95,retirement,hold,Conservative
47,5000,6,4,132,wealth,panic-sell,Moderate
55,100000,26,1,193,education,buy-more,Conservative
49,35000,28,1,249,education,panic-sell,Conservative
49,5000,15,5,57,emergency,panic-sell,Conservative
62,20000,26,3,48,wealth,buy-more,Moderate
54,10000,23,4,226,wealth,hold,Aggressive
48,200000,16,1,238,emergency,panic-sell,Moderate
24,75000,2,5,266,wealth,buy-more,Aggressive
36,5000,11,5,82,emergency,hold,Conservative
41,75000,24,5,296,education,buy-more,Aggressive
32,10000,5,2,127,education,hold,Moderate
47,5000,9,1,242,emergency,hold,Moderate
48,20000,13,1,50,wealth,hold,Moderate
58,20000,5,1,8,education,panic-sell,Conservative
36,5000,11,5,82,emergency,hold,Conservative
26,10000,28,3,113,retirement,buy-more,Aggressive
49,5000,15,5,57,emergency,panic-sell,Conservative
44,5000,4,1,116,emergency,panic-sell,Conservative
45,10000,27,1,27,emergency,panic-sell,Conservative
62,50000,4,1,320,emergency,panic-sell,Conservative
38,100000,16,4,200,emergency,hold,Aggressive
44,35000,15,5,191,retirement,panic-sell,Aggressive
59,5000,24,2,51,emergency,buy-more,Moderate
35,35000,16,5,51,retirement,buy-more,Aggressive
22,10000,13,1,14,emergency,panic-sell,Conservative
36,5000,11,5,82,emergency,hold,Conservative
43,5000,27,5,247,retirement,hold,Aggressive
22,35000,14,3,10,education,hold,Moderate
34,20000,28,5,244,retirement,buy-more,Aggressive
51,10000,16,3,49,retirement,buy-more,Moderate
43,10000,3,1,192,education,hold,Moderate
35,200000,22,5,84,wealth,buy-more,Aggressive
34,50000,11,5,290,wealth,hold,Aggressive
56,200000,19,3,49,wealth,hold,Aggressive
32,200000,11,4,220,education,panic-sell,Moderate
52,35000,24,1,284,wealth,hold,Moderate
40,75000,24,3,131,emergency,hold,Moderate
22,150000,25,1,304,wealth,hold,Aggressive
43,150000,26,4,316,education,hold,Aggressive
56,150000,29,3,104,wealth,buy-more,Aggressive
49,75000,18,2,21,retirement,panic-sell,Moderate
43,10000,4,5,202,retirement,hold,Aggressive
43,75000,23,1,13,emergency,panic-sell,Conservative
49,5000,15,5,57,emergency,panic-sell,Conservative
28,5000,10,5,192,retirement,hold,Aggressive
44,200000,15,2,336,retirement,buy-more,Aggressive
47,150000,27,5,58,retirement,panic-sell,Moderate
49,20000,2,2,235,education,panic-sell,Conservative
23,50000,2,4,95,retirement,buy-more,Aggressive
22,100000,19,2,306,education,hold,Aggressive
35,20000,20,4,325,emergency,hold,Moderate
49,10000,15,1,288,emergency,buy-more,Moderate
51,100000,5,1,9,wealth,panic-sell,Moderate
41,150000,1,3,205,education,panic-sell,Moderate
38,5000,19,1,225,retirement,buy-more,Moderate
34,20000,16,2,259,emergency,buy-more,Moderate
29,200000,26,1,52,emergency,buy-more,Moderate
53,50000,14,4,322,education,panic-sell,Moderate
45,20000,3,5,19,emergency,hold,Moderate
45,10000,27,1,27,emergency,panic-sell,Conservative
30,5000,2,1,98,education,panic-sell,Conservative
24,35000,29,4,194,wealth,buy-more,Aggressive
61,5000,5,5,264,emergency,buy-more,Moderate
45,35000,14,3,344,wealth,panic-sell,Moderate
37,100000,19,1,103,education,buy-more,Moderate
53,5000,1,1,103,retirement,panic-sell,Conservative
22,10000,13,1,14,emergency,panic-sell,Conservative
32,200000,2,3,279,wealth,buy-more,Aggressive
38,5000,27,4,43,education,hold,Moderate
38,75000,19,5,133,emergency,buy-more,Aggressive
31,200000,4,4,153,wealth,buy-more,Aggressive
58,20000,5,1,8,education,panic-sell,Conservative
26,35000,2,3,355,retirement,buy-more,Aggressive
42,50000,25,3,7,education,buy-more,Moderate
31,200000,15,1,157,retirement,hold,Moderate
39,5000,2,2,196,emergency,panic-sell,Conservative
49,5000,23,1,357,education,buy-more,Moderate
38,35000,17,3,230,education,buy-more,Conservative
42,10000,16,2,271,wealth,panic-sell,Conservative
38,35000,17,3,230,education,buy-more,Conservative
48,20000,13,3,34,emergency,panic-sell,Conservative
62,10000,23,5,161,wealth,panic-sell,Moderate
50,150000,0,4,256,retirement,buy-more,Aggressive
24,35000,21,4,254,retirement,hold,Aggressive
61,75000,8,1,351,education,buy-more,Conservative
54,150000,15,3,161,wealth,buy-more,Aggressive
35,100000,14,5,241,education,panic-sell,Aggressive
51,10000,22,5,339,wealth,buy-more,Aggressive
24,100000,24,4,99,wealth,panic-sell,Aggressive
53,35000,18,2,339,wealth,buy-more,Aggressive
58,50000,14,5,92,education,panic-sell,Moderate
42,10000,12,3,185,retirement,hold,Moderate
26,10000,26,5,213,wealth,hold,Aggressive
43,5000,27,5,247,retirement,hold,Aggressive
45,10000,5,1,206,education,panic-sell,Conservative
34,50000,11,5,290,wealth,hold,Aggressive
45,10000,17,3,272,retirement,hold,Moderate
58,10000,12,3,103,emergency,panic-sell,Moderate
50,150000,1,1,170,education,panic-sell,Moderate
57,5000,16,1,254,emergency,panic-sell,Conservative
42,150000,4,4,82,emergency,hold,Conservative
48,5000,13,4,186,retirement,panic-sell,Aggressive
35,35000,16,5,51,retirement,buy-more,Aggressive
29,20000,3,1,202,emergency,panic-sell,Conservative
53,200000,7,2,203,education,panic-sell,Moderate
40,50000,5,5,94,retirement,buy-more,Aggressive
25,35000,24,2,277,retirement,hold,Moderate
47,200000,29,4,192,education,hold,Aggressive
43,75000,23,1,13,emergency,panic-sell,Conservative
22,200000,16,5,346,retirement,buy-more,Aggressive
39,100000,17,5,81,wealth,hold,Aggressive
45,20000,19,2,88,wealth,hold,Moderate
40,35000,28,4,320,retirement,buy-more,Aggressive
36,20000,13,2,120,retirement,panic-sell,Moderate
35,150000,29,3,291,emergency,panic-sell,Moderate
64,150000,3,4,240,education,panic-sell,Moderate
26,100000,21,4,117,education,hold,Aggressive
29,10000,3,5,208,wealth,buy-more,Aggressive
60,150000,28,2,37,wealth,buy-more,Aggressive
44,75000,10,1,100,emergency,panic-sell,Conservative
30,50000,27,4,241,education,buy-more,Aggressive
32,200000,16,1,299,wealth,panic-sell,Moderate
26,10000,28,3,113,retirement,buy-more,Aggressive
45,10000,5,1,206,education,panic-sell,Conservative
33,5000,22,1,156,education,hold,Conservative
45,10000,5,1,206,education,panic-sell,Conservative
62,50000,0,5,156,retirement,buy-more,Aggressive
40,200000,14,2,258,wealth,hold,Conservative
34,35000,25,4,17,wealth,panic-sell,Moderate
33,100000,19,1,310,retirement,buy-more,Aggressive
36,5000,11,5,82,emergency,hold,Conservative
53,5000,18,4,199,wealth,buy-more,Aggressive
40,200000,14,2,258,wealth,hold,Conservative
38,5000,25,5,10,education,panic-sell,Moderate
42,5000,9,1,118,retirement,panic-sell,Moderate
53,5000,1,1,103,retirement,panic-sell,Conservative
22,10000,13,1,14,emergency,panic-sell,Conservative
51,200000,29,3,202,education,hold,Moderate
31,75000,21,4,285,wealth,hold,Aggressive
31,100000,18,2,247,retirement,buy-more,Aggressive
32,35000,21,5,186,emergency,panic-sell,Conservative
38,75000,27,5,185,emergency,hold,Aggressive
35,150000,10,3,192,retirement,panic-sell,Moderate
30,5000,2,1,98,education,panic-sell,Conservative
24,20000,7,1,30,education,panic-sell,Conservative
30,150000,22,4,116,wealth,panic-sell,Aggressive
54,150000,23,3,348,retirement,buy-more,Aggressive
61,200000,8,4,157,wealth,hold,Aggressive
46,75000,5,1,192,emergency,panic-sell,Conservative
29,20000,3,1,202,emergency,panic-sell,Conservative
45,50000,11,5,178,education,hold,Aggressive
31,150000,23,5,121,retirement,panic-sell,Aggressive
42,50000,13,3,305,retirement,hold,Aggressive
62,100000,21,2,166,education,hold,Moderate
36,75000,27,2,49,education,panic-sell,Moderate
45,20000,16,4,278,emergency,panic-sell,Moderate
54,50000,19,4,349,wealth,buy-more,Aggressive
57,50000,22,3,240,emergency,hold,Moderate
55,10000,1,1,245,wealth,hold,Moderate
62,50000,4,1,320,emergency,panic-sell,Conservative
49,5000,2,4,116,wealth,panic-sell,Moderate
26,20000,17,4,338,wealth,panic-sell,Aggressive
46,75000,5,1,192,emergency,panic-sell,Conservative
52,5000,14,3,77,education,hold,Moderate
35,75000,0,5,342,retirement,hold,Aggressive
43,20000,1,4,311,education,hold,Moderate
44,5000,4,1,116,emergency,panic-sell,Conservative
23,200000,13,3,124,wealth,buy-more,Aggressive
61,150000,10,5,309,emergency,buy-more,Aggressive
62,75000,27,5,195,emergency,panic-sell,Moderate
44,75000,10,1,100,emergency,panic-sell,Conservative
37,150000,8,5,51,retirement,panic-sell,Moderate
56,10000,4,3,246,retirement,hold,Moderate
24,100000,24,4,99,wealth,panic-sell,Aggressive
61,10000,23,2,103,education,buy-more,Moderate
43,10000,4,1,42,emergency,panic-sell,Conservative
61,75000,8,1,351,education,buy-more,Conservative
55,100000,22,5,274,retirement,hold,Aggressive
47,75000,18,3,44,retirement,panic-sell,Moderate
46,50000,5,2,350,education,panic-sell,Aggressive
50,75000,18,5,73,wealth,buy-more,Aggressive
58,20000,5,1,8,education,panic-sell,Conservative
54,50000,23,4,300,wealth,hold,Aggressive
52,50000,28,5,166,emergency,panic-sell,Moderate
37,100000,13,1,304,retirement,buy-more,Aggressive
56,75000,19,2,345,emergency,hold,Moderate
24,20000,7,1,30,education,panic-sell,Conservative
36,5000,11,5,82,emergency,hold,Conservative
55,100000,26,1,193,education,buy-more,Conservative
37,200000,2,1,70,emergency,panic-sell,Conservative
23,50000,2,4,95,retirement,buy-more,Aggressive
27,150000,18,5,191,retirement,panic-sell,Aggressive
45,150000,16,5,288,wealth,hold,Aggressive
50,10000,24,1,354,retirement,hold,Moderate
56,75000,8,2,210,wealth,panic-sell,Moderate
54,200000,26,5,242,retirement,buy-more,Aggressive
46,5000,18,2,117,emergency,panic-sell,Conservative
47,75000,23,5,138,wealth,panic-sell,Aggressive
37,75000,2,4,147,wealth,buy-more,Aggressive
49,100000,0,2,117,emergency,hold,Moderate
32,35000,21,5,186,emergency,panic-sell,Conservative
31,200000,23,3,34,education,hold,Moderate
55,10000,26,5,242,education,buy-more,Conservative
59,50000,9,1,193,emergency,panic-sell,Conservative
55,200000,10,3,65,retirement,buy-more,Conservative
23,100000,5,1,161,wealth,buy-more,Aggressive
30,100000,6,3,232,wealth,hold,Aggressive
61,150000,3,3,213,education,buy-more,Moderate
32,100000,7,5,92,wealth,panic-sell,Aggressive
38,5000,0,4,192,emergency,panic-sell,Moderate
60,5000,22,2,285,retirement,hold,Moderate
42,10000,16,2,271,wealth,panic-sell,Conservative
62,10000,11,5,167,retirement,panic-sell,Moderate
33,5000,22,1,156,education,hold,Conservative
55,100000,26,1,193,education,buy-more,Conservative
34,200000,18,2,111,retirement,panic-sell,Moderate
58,20000,5,1,8,education,panic-sell,Conservative
59,50000,9,1,193,emergency,panic-sell,Conservative
27,150000,24,5,49,wealth,buy-more,Aggressive
24,20000,7,1,30,education,panic-sell,Conservative
23,50000,8,1,101,retirement,panic-sell,Conservative
61,150000,10,5,309,emergency,buy-more,Aggressive
55,150000,1,3,15,emergency,hold,Moderate
44,5000,4,1,116,emergency,panic-sell,Conservative
61,5000,3,2,307,retirement,buy-more,Moderate
32,35000,21,5,186,emergency,panic-sell,Conservative
28,100000,27,3,66,wealth,buy-more,Aggressive
58,10000,16,5,149,emergency,panic-sell,Moderate
53,5000,1,1,103,retirement,panic-sell,Conservative
30,100000,6,3,232,wealth,hold,Aggressive
31,20000,8,1,327,education,panic-sell,Aggressive
44,5000,19,4,153,education,panic-sell,Moderate
50,35000,1,4,57,wealth,hold,Moderate
40,35000,27,1,337,retirement,hold,Moderate
47,200000,16,3,176,wealth,buy-more,Aggressive
54,20000,18,4,277,retirement,hold,Moderate
59,10000,9,3,176,retirement,buy-more,Conservative
47,50000,22,3,60,wealth,buy-more,Aggressive
53,200000,17,3,337,wealth,buy-more,Aggressive
52,20000,3,1,212,wealth,buy-more,Moderate
40,100000,18,4,27,retirement,buy-more,Aggressive
54,10000,23,4,226,wealth,hold,Aggressive
56,10000,20,4,343,retirement,hold,Moderate
30,100000,6,3,232,wealth,hold,Aggressive
60,100000,11,2,278,wealth,hold,Aggressive
46,5000,18,2,117,emergency,panic-sell,Conservative
59,50000,9,1,193,emergency,panic-sell,Conservative
37,200000,2,1,70,emergency,panic-sell,Conservative
43,10000,4,1,42,emergency,panic-sell,Conservative
55,10000,26,5,242,education,buy-more,Conservative
29,100000,16,3,244,emergency,panic-sell,Moderate
27,75000,9,1,142,retirement,buy-more,Moderate
23,50000,8,1,101,retirement,panic-sell,Conservative
51,200000,6,2,176,emergency,panic-sell,Moderate
57,5000,16,1,254,emergency,panic-sell,Conservative
33,5000,22,1,156,education,hold,Conservative
29,150000,20,5,210,education,buy-more,Aggressive
43,10000,4,1,42,emergency,panic-sell,Conservative
57,50000,9,3,276,retirement,buy-more,Conservative
38,100000,16,4,200,emergency,hold,Aggressive
22,5000,26,5,251,emergency,hold,Conservative
44,75000,13,2,263,wealth,hold,Aggressive
39,200000,11,5,96,wealth,hold,Aggressive
35,150000,7,4,95,retirement,hold,Conservative
44,100000,10,4,59,wealth,hold,Aggressive
49,5000,15,5,57,emergency,panic-sell,Conservative
58,50000,22,3,53,retirement,hold,Moderate
41,5000,5,4,213,emergency,panic-sell,Moderate
42,10000,16,2,271,wealth,panic-sell,Conservative
55,10000,26,5,242,education,buy-more,Conservative
60,200000,29,5,137,emergency,panic-sell,Moderate
61,35000,20,2,260,education,buy-more,Aggressive
31,10000,3,1,104,emergency,buy-more,Moderate
62,50000,4,1,320,emergency,panic-sell,Conservative
58,35000,17,3,27,retirement,panic-sell,Moderate
45,35000,24,2,111,retirement,buy-more,Moderate
35,150000,7,4,95,retirement,hold,Conservative
37,200000,2,1,70,emergency,panic-sell,Conservative
39,10000,29,1,219,emergency,hold,Moderate
27,20000,27,4,25,emergency,buy-more,Moderate
46,75000,5,1,192,emergency,panic-sell,Conservative
54,75000,12,5,123,wealth,buy-more,Aggressive
24,150000,11,1,49,emergency,panic-sell,Moderate
55,200000,5,2,257,wealth,buy-more,Aggressive
35,200000,6,4,152,retirement,buy-more,Aggressive
30,35000,0,1,94,emergency,hold,Moderate
28,50000,21,1,298,wealth,buy-more,Aggressive
54,50000,22,4,244,wealth,buy-more,Aggressive
46,75000,14,3,259,wealth,buy-more,Aggressive
57,200000,13,3,332,wealth,hold,Aggressive
42,10000,16,2,271,wealth,panic-sell,Conservative
53,35000,2,4,293,wealth,panic-sell,Moderate
30,20000,21,4,280,retirement,buy-more,Aggressive
53,10000,27,5,339,emergency,buy-more,Moderate
49,5000,12,2,121,wealth,panic-sell,Moderate
40,50000,8,3,309,retirement,hold,Moderate
49,75000,5,2,99,emergency,hold,Moderate
24,20000,7,1,30,education,panic-sell,Conservative
55,200000,10,3,65,retirement,buy-more,Conservative
43,50000,26,3,143,wealth,hold,Aggressive
50,100000,5,5,190,retirement,hold,Aggressive
61,5000,10,4,291,education,panic-sell,Moderate
24,200000,12,4,71,wealth,panic-sell,Aggressive
43,5000,19,2,189,emergency,buy-more,Moderate
55,200000,10,3,65,retirement,buy-more,Conservative
63,50000,0,4,132,wealth,buy-more,Aggressive
48,20000,13,3,34,emergency,panic-sell,Conservative
34,35000,5,5,61,emergency,hold,Moderate
33,20000,8,2,155,retirement,buy-more,Moderate
31,5000,7,5,24,emergency,hold,Moderate
33,5000,22,1,156,education,hold,Conservative
45,150000,22,2,345,education,buy-more,Moderate
58,75000,20,1,126,emergency,hold,Moderate
45,10000,27,1,27,emergency,panic-sell,Conservative
44,75000,10,1,100,emergency,panic-sell,Conservative
24,20000,7,1,30,education,panic-sell,Conservative
53,5000,1,1,103,retirement,panic-sell,Conservative
44,5000,4,1,116,emergency,panic-sell,Conservative
59,35000,17,2,232,education,hold,Moderate
22,100000,28,1,213,wealth,buy-more,Aggressive
51,10000,18,3,69,emergency,buy-more,Moderate
25,5000,25,1,127,wealth,panic-sell,Moderate
57,5000,16,1,254,emergency,panic-sell,Conservative
44,50000,18,1,68,education,buy-more,Moderate
48,20000,13,3,34,emergency,panic-sell,Conservative
43,10000,4,1,42,emergency,panic-sell,Conservative
28,150000,23,5,50,wealth,hold,Aggressive
49,5000,15,5,57,emergency,panic-sell,Conservative
22,10000,13,1,14,emergency,panic-sell,Conservative
61,200000,21,1,151,education,panic-sell,Moderate
24,75000,2,5,266,wealth,buy-more,Aggressive
39,200000,11,5,96,wealth,hold,Aggressive
59,50000,9,1,193,emergency,panic-sell,Conservative
57,10000,17,3,90,emergency,hold,Moderate
55,10000,26,5,242,education,buy-more,Conservative
60,75000,3,1,137,education,panic-sell,Conservative
23,150000,2,2,205,education,panic-sell,Moderate
32,200000,22,5,44,emergency,hold,Aggressive
42,150000,7,1,156,retirement,buy-more,Moderate
56,75000,13,5,152,education,hold,Aggressive
49,150000,15,4,195,retirement,panic-sell,Conservative
49,150000,15,4,195,retirement,panic-sell,Conservative
54,50000,19,4,252,retirement,buy-more,Aggressive
62,200000,14,4,259,retirement,panic-sell,Moderate
55,100000,26,1,193,education,buy-more,Conservative
24,50000,27,1,193,education,buy-more,Moderate
55,100000,26,1,193,education,buy-more,Conservative
35,150000,17,2,80,retirement,buy-more,Aggressive
45,10000,27,1,27,emergency,panic-sell,Conservative
60,150000,3,1,168,emergency,buy-more,Moderate
54,20000,4,4,287,education,panic-sell,Moderate
46,150000,28,1,14,education,panic-sell,Moderate
36,10000,6,2,290,retirement,buy-more,Moderate
49,20000,2,2,235,education,panic-sell,Conservative
58,200000,4,3,190,emergency,hold,Moderate
58,20000,5,1,8,education,panic-sell,Conservative
36,5000,2,1,27,retirement,panic-sell,Conservative
25,5000,28,3,95,emergency,hold,Moderate
37,150000,24,5,215,wealth,buy-more,Aggressive
43,5000,27,5,247,retirement,hold,Aggressive
36,5000,2,1,27,retirement,panic-sell,Conservative
59,10000,9,3,176,retirement,buy-more,Conservative
29,200000,18,1,205,wealth,hold,Aggressive
61,10000,14,5,139,emergency,panic-sell,Moderate
42,150000,4,4,82,emergency,hold,Conservative
52,10000,16,1,16,emergency,panic-sell,Conservative
42,150000,4,4,82,emergency,hold,Conservative
57,5000,16,1,254,emergency,panic-sell,Conservative
35,100000,14,5,241,education,panic-sell,Aggressive
55,100000,26,1,193,education,buy-more,Conservative
55,10000,26,5,242,education,buy-more,Conservative
27,5000,9,5,245,retirement,hold,Aggressive
54,20000,22,4,45,education,buy-more,Moderate
33,35000,27,4,351,wealth,panic-sell,Aggressive
40,10000,23,3,295,wealth,hold,Aggressive
46,75000,5,1,192,emergency,panic-sell,Conservative
43,150000,22,1,331,retirement,panic-sell,Moderate
43,75000,26,1,176,retirement,buy-more,Moderate
26,20000,3,5,115,retirement,hold,Moderate
43,5000,27,4,101,wealth,hold,Aggressive
60,150000,27,3,185,education,panic-sell,Aggressive
62,35000,27,4,115,wealth,hold,Aggressive
44,150000,18,4,7,wealth,hold,Aggressive
53,5000,1,1,103,retirement,panic-sell,Conservative
44,150000,18,4,7,wealth,hold,Aggressive
22,20000,22,3,101,wealth,panic-sell,Moderate
50,10000,17,4,227,retirement,panic-sell,Conservative
37,35000,12,2,111,wealth,buy-more,Aggressive
54,50000,19,4,349,wealth,buy-more,Aggressive
41,10000,27,5,72,education,hold,Moderate
55,100000,26,1,193,education,buy-more,Conservative
44,5000,4,1,116,emergency,panic-sell,Conservative
37,10000,23,4,143,retirement,hold,Aggressive
48,200000,26,3,187,wealth,hold,Aggressive
57,200000,26,3,280,wealth,buy-more,Aggressive
41,100000,27,2,125,wealth,buy-more,Aggressive
45,10000,27,1,27,emergency,panic-sell,Conservative
31,10000,3,5,248,education,buy-more,Moderate
29,20000,3,1,202,emergency,panic-sell,Conservative
32,20000,14,3,47,education,panic-sell,Moderate
49,75000,24,2,43,retirement,buy-more,Moderate
61,75000,8,1,351,education,buy-more,Conservative
45,150000,6,5,144,retirement,buy-more,Conservative
45,150000,26,3,21,education,buy-more,Moderate
22,150000,12,4,335,retirement,hold,Aggressive
48,20000,13,3,34,emergency,panic-sell,Conservative
44,75000,10,1,100,emergency,panic-sell,Conservative
31,75000,15,5,293,retirement,panic-sell,Aggressive
64,75000,22,3,238,emergency,panic-sell,Conservative
37,75000,2,4,147,wealth,buy-more,Aggressive
40,20000,13,1,244,education,buy-more,Moderate
61,10000,9,5,140,wealth,buy-more,Aggressive
33,200000,13,5,146,emergency,panic-sell,Moderate
37,10000,27,5,234,retirement,panic-sell,Moderate
45,10000,5,1,206,education,panic-sell,Conservative
42,50000,20,2,137,retirement,buy-more,Aggressive
45,10000,22,1,128,retirement,buy-more,Moderate
37,200000,26,2,141,education,buy-more,Aggressive
30,20000,21,4,280,retirement,buy-more,Aggressive
49,100000,28,5,357,wealth,hold,Aggressive
50,75000,20,5,311,emergency,buy-more,Aggressive
27,150000,2,4,315,education,buy-more,Aggressive
39,75000,28,2,104,education,panic-sell,Conservative
29,100000,21,3,71,wealth,panic-sell,Aggressive
25,100000,4,1,216,wealth,panic-sell,Moderate
50,100000,1,1,20,wealth,panic-sell,Moderate
64,20000,17,4,267,emergency,hold,Moderate
59,50000,3,4,129,emergency,buy-more,Moderate
35,35000,16,5,51,retirement,buy-more,Aggressive
41,35000,12,3,333,retirement,buy-more,Aggressive
52,150000,1,3,47,wealth,buy-more,Moderate
62,35000,27,4,115,wealth,hold,Aggressive
33,5000,22,1,156,education,hold,Conservative
34,10000,4,5,274,education,buy-more,Aggressive
29,20000,23,5,333,emergency,buy-more,Aggressive
26,20000,17,4,338,wealth,panic-sell,Aggressive
49,35000,28,1,249,education,panic-sell,Conservative
56,10000,21,4,31,emergency,hold,Moderate
50,10000,17,4,227,retirement,panic-sell,Conservative
57,10000,10,3,148,retirement,panic-sell,Moderate
42,50000,13,3,305,retirement,hold,Aggressive
55,75000,24,4,154,education,panic-sell,Moderate
36,5000,2,1,27,retirement,panic-sell,Conservative
62,200000,26,2,107,education,buy-more,Moderate
59,200000,22,3,316,wealth,panic-sell,Moderate
22,100000,20,3,97,education,buy-more,Aggressive
29,20000,3,1,202,emergency,panic-sell,Conservative
40,200000,14,2,258,wealth,hold,Conservative
44,35000,2,4,139,education,panic-sell,Moderate
38,150000,7,5,341,wealth,buy-more,Aggressive
40,200000,14,2,258,wealth,hold,Conservative
54,35000,29,4,312,wealth,buy-more,Aggressive
59,50000,9,1,193,emergency,panic-sell,Conservative
55,20000,10,1,219,retirement,hold,Moderate
37,200000,2,1,70,emergency,panic-sell,Conservative
35,150000,7,4,95,retirement,hold,Conservative
23,200000,23,1,131,retirement,panic-sell,Moderate
45,20000,10,2,36,education,hold,Moderate
45,150000,6,5,144,retirement,buy-more,Conservative
48,10000,22,1,219,education,panic-sell,Moderate
27,35000,12,2,80,wealth,panic-sell,Moderate
53,150000,19,1,68,education,panic-sell,Moderate
36,5000,2,1,27,retirement,panic-sell,Conservative
35,150000,7,4,95,retirement,hold,Conservative
60,75000,3,1,137,education,panic-sell,Conservative
60,100000,16,2,121,emergency,buy-more,Moderate
34,10000,6,4,33,retirement,hold,Moderate
49,150000,3,2,329,retirement,hold,Moderate
50,5000,7,3,343,emergency,hold,Moderate
54,50000,19,4,349,wealth,buy-more,Aggressive
25,200000,29,5,77,emergency,hold,Aggressive
33,20000,20,1,321,retirement,panic-sell,Moderate
27,200000,6,5,243,retirement,hold,Aggressive
24,200000,25,4,337,emergency,buy-more,Aggressive
45,10000,20,2,104,education,panic-sell,Moderate
54,35000,29,4,312,wealth,buy-more,Aggressive
23,10000,1,2,63,wealth,hold,Moderate
49,35000,28,1,249,education,panic-sell,Conservative
45,150000,6,5,144,retirement,buy-more,Conservative
47,200000,6,2,250,retirement,buy-more,Moderate
44,10000,23,5,116,education,panic-sell,Moderate
36,5000,11,5,82,emergency,hold,Conservative
46,20000,13,1,75,emergency,buy-more,Moderate
49,10000,25,2,17,retirement,buy-more,Moderate
55,200000,10,3,65,retirement,buy-more,Conservative
40,100000,11,5,280,emergency,buy-more,Aggressive
35,200000,6,4,152,retirement,buy-more,Aggressive
24,35000,21,4,254,retirement,hold,Aggressive
42,150000,4,4,82,emergency,hold,Conservative
27,10000,22,5,163,emergency,panic-sell,Moderate
35,5000,5,1,44,education,buy-more,Moderate
32,35000,21,5,186,emergency,panic-sell,Conservative
26,50000,10,5,265,emergency,panic-sell,Moderate
58,20000,5,1,8,education,panic-sell,Conservative
38,150000,7,5,341,wealth,buy-more,Aggressive
44,35000,11,4,33,wealth,panic-sell,Moderate
55,35000,29,3,351,wealth,panic-sell,Moderate
32,100000,7,5,92,wealth,panic-sell,Aggressive
46,10000,11,5,13,retirement,buy-more,Conservative
29,20000,3,1,202,emergency,panic-sell,Conservative
38,10000,5,3,324,education,hold,Moderate
38,150000,7,5,341,wealth,buy-more,Aggressive
45,10000,27,1,27,emergency,panic-sell,Conservative
37,200000,2,1,70,emergency,panic-sell,Conservative
22,35000,12,3,237,retirement,hold,Aggressive
29,150000,20,5,210,education,buy-more,Aggressive
27,20000,29,3,215,emergency,hold,Moderate
33,50000,18,2,190,retirement,hold,Moderate
61,35000,15,4,213,wealth,hold,Aggressive
42,10000,8,3,261,education,hold,Moderate
43,150000,25,4,250,wealth,panic-sell,Aggressive
35,150000,7,4,95,retirement,hold,Conservative
26,100000,8,3,91,retirement,hold,Aggressive
26,100000,8,3,91,retirement,hold,Aggressive
53,200000,17,3,337,wealth,buy-more,Aggressive
64,100000,21,1,211,emergency,hold,Moderate
22,35000,11,4,327,education,buy-more,Aggressive
38,150000,7,5,341,wealth,buy-more,Aggressive
45,50000,24,5,251,emergency,buy-more,Aggressive
27,200000,19,4,18,education,buy-more,Aggressive
50,10000,0,5,124,emergency,panic-sell,Moderate
23,35000,2,4,25,wealth,panic-sell,Moderate
50,100000,17,4,258,wealth,hold,Aggressive
44,200000,15,2,336,retirement,buy-more,Aggressive
59,10000,9,3,176,retirement,buy-more,Conservative
51,5000,17,5,108,retirement,hold,Moderate
29,75000,1,2,235,wealth,buy-more,Aggressive
52,10000,16,1,16,emergency,panic-sell,Conservative
30,5000,2,1,98,education,panic-sell,Conservative
47,5000,7,4,226,retirement,buy-more,Moderate
22,100000,7,2,286,education,buy-more,Aggressive
40,5000,14,5,109,education,buy-more,Aggressive
35,150000,7,4,95,retirement,hold,Conservative
35,75000,3,3,270,retirement,hold,Moderate
49,10000,15,2,47,wealth,panic-sell,Moderate
61,75000,8,1,351,education,buy-more,Conservative
31,75000,21,4,285,wealth,hold,Aggressive
51,5000,21,3,62,education,hold,Conservative
28,20000,18,4,321,wealth,hold,Aggressive
32,200000,2,3,279,wealth,buy-more,Aggressive
64,75000,22,3,238,emergency,panic-sell,Conservative
56,5000,11,2,81,emergency,buy-more,Moderate
61,35000,16,2,288,retirement,buy-more,Moderate
64,50000,1,2,338,wealth,hold,Moderate
32,35000,21,5,186,emergency,panic-sell,Conservative
36,5000,2,1,27,retirement,panic-sell,Conservative
36,50000,2,4,34,retirement,panic-sell,Moderate
31,100000,18,2,247,retirement,buy-more,Aggressive
40,200000,14,2,258,wealth,hold,Conservative
37,200000,26,2,141,education,buy-more,Aggressive
30,50000,14,3,83,emergency,panic-sell,Moderate
47,200000,18,2,94,retirement,panic-sell,Moderate
62,35000,4,4,220,emergency,hold,Moderate
44,75000,8,3,225,education,panic-sell,Moderate
40,100000,18,4,27,retirement,buy-more,Aggressive
60,50000,1,2,281,education,buy-more,Moderate
62,50000,4,1,320,emergency,panic-sell,Conservative
47,75000,23,5,138,wealth,panic-sell,Aggressive
59,20000,2,2,242,emergency,buy-more,Moderate
57,50000,9,3,276,retirement,buy-more,Conservative
22,10000,13,1,14,emergency,panic-sell,Conservative
44,5000,4,1,116,emergency,panic-sell,Conservative
26,50000,22,1,211,wealth,hold,Aggressive
50,20000,0,1,293,education,buy-more,Aggressive
55,200000,10,3,65,retirement,buy-more,Conservative
36,35000,13,3,324,emergency,panic-sell,Moderate
54,150000,23,3,348,retirement,buy-more,Aggressive
57,100000,17,2,151,retirement,panic-sell,Moderate
33,100000,12,5,337,retirement,buy-more,Aggressive
47,35000,19,5,146,education,buy-more,Aggressive
37,10000,2,5,202,education,buy-more,Moderate
44,5000,4,1,116,emergency,panic-sell,Conservative
56,100000,25,1,186,retirement,buy-more,Moderate
56,150000,5,4,282,emergency,hold,Moderate
58,50000,7,2,68,wealth,panic-sell,Moderate
30,100000,0,5,135,wealth,hold,Aggressive
59,10000,25,4,151,wealth,buy-more,Aggressive
55,200000,13,1,276,wealth,panic-sell,Moderate
39,50000,10,4,23,emergency,panic-sell,Moderate
50,10000,17,4,227,retirement,panic-sell,Conservative
30,20000,21,4,280,retirement,buy-more,Aggressive
22,50000,15,3,345,retirement,buy-more,Aggressive
23,200000,13,3,124,wealth,buy-more,Aggressive
38,5000,2,3,180,education,hold,Moderate
51,5000,21,3,62,education,hold,Conservative
57,50000,9,3,276,retirement,buy-more,Conservative
39,75000,28,2,104,education,panic-sell,Conservative
55,10000,26,5,242,education,buy-more,Conservative
29,20000,3,1,202,emergency,panic-sell,Conservative
25,150000,7,4,110,retirement,buy-more,Aggressive
58,200000,29,1,82,emergency,buy-more,Moderate
47,100000,5,3,269,education,buy-more,Moderate
56,75000,22,2,232,education,buy-more,Moderate
54,20000,18,5,351,education,panic-sell,Aggressive
22,75000,21,1,88,education,hold,Moderate
22,10000,13,1,14,emergency,panic-sell,Conservative
62,10000,10,3,134,retirement,buy-more,Moderate
24,10000,23,3,206,retirement,panic-sell,Moderate
46,75000,5,1,192,emergency,panic-sell,Conservative
61,35000,25,4,249,emergency,hold,Conservative
23,200000,13,3,124,wealth,buy-more,Aggressive
50,75000,5,4,228,education,panic-sell,Moderate
62,50000,4,1,320,emergency,panic-sell,Conservative
41,10000,18,3,265,wealth,hold,Aggressive
57,100000,27,3,128,education,hold,Moderate
33,200000,26,1,65,retirement,hold,Moderate
46,5000,18,2,117,emergency,panic-sell,Conservative
24,200000,25,4,337,emergency,buy-more,Aggressive
57,50000,9,3,276,retirement,buy-more,Conservative
60,10000,20,4,130,emergency,buy-more,Moderate
22,5000,26,5,251,emergency,hold,Conservative
59,10000,9,3,176,retirement,buy-more,Conservative
29,150000,10,2,71,retirement,hold,Moderate
47,20000,22,5,77,wealth,buy-more,Aggressive
29,10000,22,3,342,retirement,hold,Aggressive
48,20000,13,3,34,emergency,panic-sell,Conservative
41,100000,27,2,125,wealth,buy-more,Aggressive
28,20000,7,1,320,retirement,hold,Moderate
48,150000,0,1,278,emergency,panic-sell,Conservative
49,150000,1,1,308,education,hold,Moderate
54,150000,29,5,177,retirement,buy-more,Aggressive
24,50000,21,5,189,retirement,panic-sell,Aggressive
54,150000,16,2,297,retirement,hold,Moderate
30,150000,22,4,116,wealth,panic-sell,Aggressive
58,35000,20,2,144,education,hold,Moderate
61,35000,25,4,249,emergency,hold,Conservative
43,10000,4,5,202,retirement,hold,Aggressive
48,150000,12,1,348,wealth,hold,Moderate
24,150000,5,1,63,emergency,buy-more,Moderate
49,35000,28,1,249,education,panic-sell,Conservative
37,10000,9,1,344,wealth,panic-sell,Moderate
22,100000,28,1,213,wealth,buy-more,Aggressive
49,200000,1,5,237,wealth,hold,Aggressive
60,100000,11,2,278,wealth,hold,Aggressive
29,150000,20,4,225,retirement,panic-sell,Aggressive
23,35000,13,4,154,education,hold,Aggressive
35,200000,6,4,152,retirement,buy-more,Aggressive
57,20000,28,5,99,emergency,buy-more,Moderate
26,75000,21,4,173,education,panic-sell,Moderate
29,50000,25,5,320,retirement,hold,Aggressive
48,5000,14,5,95,emergency,panic-sell,Moderate
49,5000,15,5,57,emergency,panic-sell,Conservative
43,200000,5,3,254,education,panic-sell,Moderate
54,20000,18,5,351,education,panic-sell,Aggressive
60,10000,7,2,153,wealth,hold,Moderate
48,20000,13,3,34,emergency,panic-sell,Conservative
61,35000,25,4,249,emergency,hold,Conservative
31,100000,18,2,247,retirement,buy-more,Aggressive
49,200000,1,5,237,wealth,hold,Aggressive
58,100000,1,5,232,emergency,panic-sell,Moderate
33,100000,8,2,321,education,hold,Moderate
44,20000,25,2,195,wealth,hold,Moderate
50,35000,26,5,160,retirement,buy-more,Aggressive
26,100000,21,4,117,education,hold,Aggressive
28,50000,27,3,6,emergency,buy-more,Moderate
37,200000,2,1,70,emergency,panic-sell,Conservative
26,150000,17,2,169,retirement,panic-sell,Moderate
22,5000,26,5,251,emergency,hold,Conservative
41,5000,5,1,21,wealth,buy-more,Moderate
59,10000,9,3,176,retirement,buy-more,Conservative
45,150000,6,5,144,retirement,buy-more,Conservative
54,5000,7,1,275,wealth,panic-sell,Moderate
24,35000,19,2,180,education,buy-more,Aggressive
52,10000,16,1,16,emergency,panic-sell,Conservative
37,200000,2,1,70,emergency,panic-sell,Conservative
64,75000,22,3,238,emergency,panic-sell,Conservative
49,35000,28,1,249,education,panic-sell,Conservative
55,10000,26,5,242,education,buy-more,Conservative
43,10000,4,1,42,emergency,panic-sell,Conservative
53,20000,26,4,221,wealth,hold,Aggressive
54,150000,23,3,348,retirement,buy-more,Aggressive
50,10000,17,4,227,retirement,panic-sell,Conservative
59,35000,15,2,199,wealth,panic-sell,Moderate
37,100000,15,3,219,education,panic-sell,Moderate
61,35000,20,2,260,education,buy-more,Aggressive
52,10000,16,1,16,emergency,panic-sell,Conservative
30,200000,25,3,274,wealth,hold,Aggressive
59,10000,9,3,176,retirement,buy-more,Conservative
45,50000,24,5,251,emergency,buy-more,Aggressive
23,50000,8,1,101,retirement,panic-sell,Conservative
44,5000,4,1,116,emergency,panic-sell,Conservative
57,50000,9,3,276,retirement,buy-more,Conservative
47,75000,23,5,138,wealth,panic-sell,Aggressive
49,20000,2,2,235,education,panic-sell,Conservative
26,150000,21,3,185,education,buy-more,Aggressive
40,35000,7,2,30,retirement,hold,Moderate
27,35000,16,3,35,retirement,buy-more,Aggressive
51,5000,21,3,62,education,hold,Conservative
42,35000,3,1,330,wealth,hold,Moderate
58,35000,24,3,252,wealth,hold,Aggressive
58,20000,5,1,8,education,panic-sell,Conservative
31,10000,8,4,35,emergency,hold,Moderate
26,100000,8,3,91,retirement,hold,Aggressive
40,50000,5,5,94,retirement,buy-more,Aggressive
52,10000,16,1,16,emergency,panic-sell,Conservative
29,5000,20,4,241,emergency,buy-more,Aggressive
46,10000,0,1,292,emergency,buy-more,Moderate
52,100000,12,1,322,retirement,hold,Moderate
25,100000,20,2,247,retirement,buy-more,Aggressive
55,10000,26,5,242,education,buy-more,Conservative
24,35000,17,2,348,retirement,buy-more,Aggressive
52,10000,16,1,16,emergency,panic-sell,Conservative
31,20000,29,3,299,education,hold,Moderate
35,20000,14,3,223,retirement,buy-more,Aggressive
29,20000,3,1,202,emergency,panic-sell,Conservative
51,5000,21,3,62,education,hold,Conservative
32,35000,22,5,204,education,buy-more,Aggressive
23,5000,24,3,273,emergency,buy-more,Moderate
22,100000,20,3,97,education,buy-more,Aggressive
54,150000,23,3,348,retirement,buy-more,Aggressive
35,150000,16,1,165,retirement,buy-more,Aggressive
36,75000,23,1,331,education,hold,Moderate
35,75000,6,5,184,wealth,buy-more,Aggressive
24,35000,21,4,254,retirement,hold,Aggressive
29,150000,20,4,225,retirement,panic-sell,Aggressive
49,100000,28,5,357,wealth,hold,Aggressive
42,150000,4,4,82,emergency,hold,Conservative
32,35000,7,5,115,retirement,panic-sell,Moderate
54,100000,0,2,31,emergency,hold,Moderate
55,100000,26,1,193,education,buy-more,Conservative
23,20000,14,2,252,wealth,hold,Aggressive
60,100000,11,2,278,wealth,hold,Aggressive
59,50000,9,1,193,emergency,panic-sell,Conservative
29,200000,18,1,205,wealth,hold,Aggressive
55,10000,16,1,337,wealth,buy-more,Moderate
53,200000,17,3,337,wealth,buy-more,Aggressive
46,50000,5,2,350,education,panic-sell,Aggressive
22,20000,14,2,218,wealth,buy-more,Aggressive
53,5000,1,1,103,retirement,panic-sell,Conservative
43,150000,12,4,49,retirement,hold,Aggressive
54,150000,29,5,177,retirement,buy-more,Aggressive
54,20000,18,5,351,education,panic-sell,Aggressive
50,200000,29,4,48,retirement,hold,Aggressive
62,50000,4,1,320,emergency,panic-sell,Conservative
35,150000,11,3,338,education,panic-sell,Moderate
24,50000,18,1,254,wealth,hold,Aggressive
51,75000,13,4,195,wealth,hold,Aggressive
53,5000,1,1,103,retirement,panic-sell,Conservative
53,5000,1,1,103,retirement,panic-sell,Conservative
56,10000,10,5,142,retirement,hold,Moderate
44,75000,10,1,100,emergency,panic-sell,Conservative
45,10000,27,1,27,emergency,panic-sell,Conservative
23,5000,14,5,152,wealth,buy-more,Aggressive
44,20000,28,3,222,wealth,hold,Aggressive
31,150000,23,5,121,retirement,panic-sell,Aggressive
52,20000,17,5,168,wealth,hold,Aggressive
39,35000,3,2,106,retirement,hold,Moderate
57,50000,3,5,303,education,panic-sell,Moderate
46,75000,5,1,192,emergency,panic-sell,Conservative
32,200000,26,5,345,wealth,panic-sell,Aggressive
23,50000,8,1,101,retirement,panic-sell,Conservative
42,10000,16,2,271,wealth,panic-sell,Conservative
25,5000,12,2,323,wealth,buy-more,Aggressive
29,150000,20,5,149,retirement,buy-more,Aggressive
26,10000,28,3,113,retirement,buy-more,Aggressive
62,100000,2,3,340,retirement,hold,Moderate
29,20000,3,1,202,emergency,panic-sell,Conservative
50,75000,20,5,311,emergency,buy-more,Aggressive
36,5000,2,1,27,retirement,panic-sell,Conservative
24,200000,18,3,318,emergency,hold,Aggressive
23,50000,8,1,101,retirement,panic-sell,Conservative
29,20000,3,1,202,emergency,panic-sell,Conservative
58,50000,7,5,256,wealth,hold,Aggressive
58,150000,12,5,6,education,buy-more,Aggressive
60,75000,3,1,137,education,panic-sell,Conservative
57,5000,16,1,254,emergency,panic-sell,Conservative
55,200000,10,3,65,retirement,buy-more,Conservative
48,5000,28,1,263,wealth,panic-sell,Moderate
41,50000,24,5,156,education,buy-more,Aggressive
55,10000,26,5,242,education,buy-more,Conservative
54,150000,13,5,272,retirement,buy-more,Aggressive
51,75000,11,4,23,education,buy-more,Aggressive
22,200000,10,1,89,education,panic-sell,Moderate
64,75000,22,3,238,emergency,panic-sell,Conservative
23,35000,3,2,353,education,panic-sell,Moderate
64,75000,22,3,238,emergency,panic-sell,Conservative
61,75000,8,1,351,education,buy-more,Conservative
27,75000,9,1,112,emergency,panic-sell,Moderate
39,50000,7,5,340,retirement,hold,Aggressive
24,100000,25,1,27,wealth,panic-sell,Moderate
60,150000,28,2,37,wealth,buy-more,Aggressive
58,150000,12,5,6,education,buy-more,Aggressive
35,200000,22,5,84,wealth,buy-more,Aggressive
42,150000,4,4,82,emergency,hold,Conservative
44,50000,2,2,169,emergency,hold,Moderate
64,50000,8,2,118,emergency,buy-more,Moderate
23,5000,14,5,152,wealth,buy-more,Aggressive
24,50000,26,2,107,emergency,hold,Moderate
49,100000,26,2,342,education,panic-sell,Moderate
46,75000,13,1,132,wealth,buy-more,Moderate
36,5000,11,5,82,emergency,hold,Conservative
49,35000,9,1,153,retirement,buy-more,Moderate
49,150000,15,4,195,retirement,panic-sell,Conservative
34,200000,1,1,284,retirement,hold,Moderate
49,20000,2,2,235,education,panic-sell,Conservative
48,5000,13,4,186,retirement,panic-sell,Aggressive
28,100000,27,3,66,wealth,buy-more,Aggressive
28,150000,23,5,50,wealth,hold,Aggressive
48,150000,0,1,278,emergency,panic-sell,Conservative
40,35000,11,4,147,emergency,buy-more,Aggressive
63,200000,27,3,340,education,panic-sell,Moderate
40,100000,9,1,207,retirement,panic-sell,Moderate
38,100000,16,4,200,emergency,hold,Aggressive
24,75000,2,5,266,wealth,buy-more,Aggressive
46,200000,10,2,172,education,hold,Moderate
43,75000,23,1,13,emergency,panic-sell,Conservative
58,75000,11,1,178,retirement,buy-more,Moderate
22,200000,6,3,281,emergency,panic-sell,Moderate
59,50000,9,1,193,emergency,panic-sell,Conservative
43,150000,25,4,250,wealth,panic-sell,Aggressive
26,35000,26,5,276,retirement,hold,Conservative
25,20000,15,1,101,wealth,panic-sell,Moderate
36,5000,2,1,27,retirement,panic-sell,Conservative
26,100000,8,3,91,retirement,hold,Aggressive
29,100000,7,5,356,wealth,panic-sell,Aggressive
56,150000,0,2,243,wealth,panic-sell,Moderate
46,75000,5,1,192,emergency,panic-sell,Conservative
60,150000,20,4,95,wealth,panic-sell,Moderate
64,75000,22,3,238,emergency,panic-sell,Conservative
29,100000,11,3,128,emergency,hold,Aggressive
50,50000,18,4,17,retirement,panic-sell,Moderate
30,50000,27,4,241,education,buy-more,Aggressive
41,10000,28,5,75,retirement,buy-more,Aggressive
40,200000,14,2,258,wealth,hold,Conservative
23,200000,29,5,216,wealth,panic-sell,Aggressive
57,50000,9,3,276,retirement,buy-more,Conservative
52,10000,16,1,16,emergency,panic-sell,Conservative
24,10000,5,4,197,emergency,panic-sell,Moderate
47,10000,24,2,178,wealth,panic-sell,Moderate
59,50000,9,1,193,emergency,panic-sell,Conservative
34,35000,13,5,35,wealth,panic-sell,Moderate
36,5000,11,5,82,emergency,hold,Conservative
59,20000,1,5,285,retirement,hold,Moderate
35,10000,27,3,76,emergency,panic-sell,Moderate
31,75000,15,5,293,retirement,panic-sell,Aggressive
50,100000,4,5,142,emergency,panic-sell,Moderate
35,150000,7,4,95,retirement,hold,Conservative
64,75000,22,3,238,emergency,panic-sell,Conservative
46,20000,11,3,187,education,hold,Moderate
63,5000,2,2,233,retirement,hold,Moderate
38,75000,12,1,21,wealth,buy-more,Moderate
45,150000,6,5,144,retirement,buy-more,Conservative
61,20000,8,3,171,education,hold,Moderate
49,150000,15,4,195,retirement,panic-sell,Conservative
61,35000,25,4,249,emergency,hold,Conservative
61,200000,12,5,350,education,hold,Aggressive
49,20000,2,2,235,education,panic-sell,Conservative
44,20000,11,2,21,retirement,panic-sell,Moderate
31,100000,8,1,299,education,panic-sell,Moderate
32,100000,28,5,108,emergency,panic-sell,Moderate
49,35000,28,1,249,education,panic-sell,Conservative
55,10000,26,5,242,education,buy-more,Conservative
54,20000,19,5,106,retirement,panic-sell,Moderate
59,10000,9,3,176,retirement,buy-more,Conservative
59,50000,9,1,193,emergency,panic-sell,Conservative
30,5000,2,1,98,education,panic-sell,Conservative
57,5000,16,1,254,emergency,panic-sell,Conservative
36,5000,2,1,27,retirement,panic-sell,Conservative
46,75000,5,1,192,emergency,panic-sell,Conservative
42,50000,20,2,137,retirement,buy-more,Aggressive
35,150000,7,4,95,retirement,hold,Conservative
49,35000,28,1,249,education,panic-sell,Conservative
55,100000,26,1,193,education,buy-more,Conservative
49,150000,15,4,195,retirement,panic-sell,Conservative
61,75000,8,1,351,education,buy-more,Conservative
57,50000,9,3,276,retirement,buy-more,Conservative
43,50000,26,3,143,wealth,hold,Aggressive
32,35000,21,5,186,emergency,panic-sell,Conservative
50,75000,10,3,19,education,hold,Moderate
48,20000,13,3,34,emergency,panic-sell,Conservative
60,75000,3,1,137,education,panic-sell,Conservative
57,5000,16,1,254,emergency,panic-sell,Conservative
56,10000,14,5,332,wealth,panic-sell,Moderate
38,35000,17,3,230,education,buy-more,Conservative
39,75000,28,2,104,education,panic-sell,Conservative
23,200000,6,4,356,emergency,buy-more,Aggressive
29,10000,22,3,342,retirement,hold,Aggressive
22,100000,21,2,174,wealth,panic-sell,Aggressive
60,75000,3,1,137,education,panic-sell,Conservative
56,10000,27,4,189,wealth,buy-more,Aggressive
49,20000,2,2,235,education,panic-sell,Conservative
53,20000,27,3,302,wealth,buy-more,Aggressive
54,35000,19,1,256,emergency,panic-sell,Moderate
22,35000,12,1,200,emergency,hold,Moderate
56,50000,3,5,215,education,buy-more,Moderate
43,35000,6,3,278,emergency,hold,Moderate
58,10000,26,4,32,education,buy-more,Moderate
49,5000,15,5,57,emergency,panic-sell,Conservative
38,75000,12,1,193,retirement,buy-more,Moderate
63,50000,24,5,113,education,panic-sell,Moderate
61,75000,8,1,351,education,buy-more,Conservative
40,50000,5,5,94,retirement,buy-more,Aggressive
44,5000,4,1,116,emergency,panic-sell,Conservative
42,10000,26,3,292,education,panic-sell,Moderate
30,200000,2,2,184,emergency,panic-sell,Moderate
33,75000,0,5,293,education,buy-more,Aggressive
25,20000,4,3,251,emergency,panic-sell,Moderate
22,35000,12,3,237,retirement,hold,Aggressive
45,150000,6,5,144,retirement,buy-more,Conservative
44,200000,15,2,336,retirement,buy-more,Aggressive
36,200000,28,2,185,education,buy-more,Aggressive
27,35000,22,2,274,wealth,panic-sell,Moderate
32,35000,21,5,186,emergency,panic-sell,Conservative
45,50000,0,5,38,wealth,hold,Moderate
41,5000,29,4,168,retirement,panic-sell,Moderate
59,150000,12,2,100,wealth,buy-more,Aggressive
59,10000,29,3,251,emergency,hold,Moderate
47,35000,29,5,209,retirement,panic-sell,Moderate
26,35000,2,3,355,retirement,buy-more,Aggressive
50,10000,17,4,227,retirement,panic-sell,Conservative
27,150000,2,4,315,education,buy-more,Aggressive
32,35000,21,5,186,emergency,panic-sell,Conservative
64,10000,1,3,270,education,panic-sell,Moderate
59,10000,9,3,176,retirement,buy-more,Conservative
60,75000,3,1,137,education,panic-sell,Conservative
59,10000,9,3,176,retirement,buy-more,Conservative
49,20000,2,2,235,education,panic-sell,Conservative
41,10000,18,3,265,wealth,hold,Aggressive
38,35000,17,3,230,education,buy-more,Conservative
42,10000,16,2,271,wealth,panic-sell,Conservative
51,150000,18,4,164,emergency,buy-more,Aggressive
29,150000,23,4,40,retirement,hold,Aggressive
29,100000,21,3,71,wealth,panic-sell,Aggressive
27,75000,19,5,70,wealth,hold,Aggressive
23,200000,29,5,216,wealth,panic-sell,Aggressive
32,20000,20,2,224,emergency,panic-sell,Moderate
35,150000,7,4,95,retirement,hold,Conservative
53,5000,1,1,103,retirement,panic-sell,Conservative
49,200000,29,3,229,retirement,hold,Aggressive
32,20000,17,5,342,wealth,buy-more,Aggressive
29,10000,4,3,135,education,panic-sell,Moderate
63,50000,22,2,338,wealth,buy-more,Aggressive
63,10000,25,1,185,wealth,hold,Moderate
40,100000,17,1,116,education,panic-sell,Moderate
54,10000,1,4,326,retirement,buy-more,Moderate
28,10000,26,4,208,wealth,hold,Aggressive
26,35000,2,3,355,retirement,buy-more,Aggressive
32,50000,18,5,81,emergency,buy-more,Aggressive
24,20000,7,1,30,education,panic-sell,Conservative
45,10000,5,1,206,education,panic-sell,Conservative
55,100000,26,1,193,education,buy-more,Conservative
24,5000,18,4,189,emergency,buy-more,Aggressive
23,50000,8,1,101,retirement,panic-sell,Conservative
57,50000,9,3,276,retirement,buy-more,Conservative
39,75000,28,2,104,education,panic-sell,Conservative
30,200000,25,3,274,wealth,hold,Aggressive
44,200000,15,2,336,retirement,buy-more,Aggressive
24,20000,8,3,47,wealth,panic-sell,Moderate
46,200000,28,1,149,emergency,buy-more,Moderate
49,150000,12,3,343,wealth,panic-sell,Moderate
47,200000,24,1,274,education,panic-sell,Moderate
57,5000,16,1,254,emergency,panic-sell,Conservative
33,5000,22,2,186,emergency,panic-sell,Moderate
40,50000,6,3,6,emergency,buy-more,Moderate
43,10000,4,1,42,emergency,panic-sell,Conservative
35,150000,7,4,95,retirement,hold,Conservative
37,50000,26,2,289,wealth,hold,Aggressive
64,200000,28,2,180,retirement,hold,Moderate
49,20000,6,4,176,education,panic-sell,Moderate
50,5000,7,1,318,retirement,buy-more,Moderate
36,35000,21,5,222,wealth,buy-more,Aggressive
37,200000,2,1,70,emergency,panic-sell,Conservative
47,20000,8,2,74,wealth,buy-more,Moderate
61,75000,8,1,351,education,buy-more,Conservative
44,200000,15,2,336,retirement,buy-more,Aggressive
30,100000,6,2,275,retirement,hold,Moderate
45,150000,16,5,288,wealth,hold,Aggressive
51,200000,20,1,146,emergency,hold,Moderate
52,10000,28,3,50,retirement,panic-sell,Moderate
46,5000,18,2,117,emergency,panic-sell,Conservative
55,200000,10,3,65,retirement,buy-more,Conservative
33,5000,22,1,156,education,hold,Conservative
58,150000,5,2,34,education,hold,Moderate
38,35000,17,3,230,education,buy-more,Conservative
57,5000,16,1,254,emergency,panic-sell,Conservative
58,10000,21,5,223,education,buy-more,Aggressive
35,20000,14,3,223,retirement,buy-more,Aggressive
42,50000,25,1,187,emergency,hold,Moderate
39,5000,2,2,196,emergency,panic-sell,Conservative
57,50000,9,3,276,retirement,buy-more,Conservative
37,200000,2,1,70,emergency,panic-sell,Conservative
33,5000,22,1,156,education,hold,Conservative
49,20000,2,2,235,education,panic-sell,Conservative
56,200000,28,4,217,retirement,panic-sell,Moderate
36,200000,20,2,164,emergency,hold,Moderate
22,100000,21,2,174,wealth,panic-sell,Aggressive
48,100000,24,1,78,education,hold,Moderate
22,5000,12,4,289,wealth,panic-sell,Aggressive
45,200000,9,1,342,retirement,panic-sell,Moderate
55,10000,26,5,242,education,buy-more,Conservative
33,5000,22,1,156,education,hold,Conservative
53,10000,8,2,313,wealth,buy-more,Moderate
30,100000,0,5,135,wealth,hold,Aggressive
62,50000,4,1,320,emergency,panic-sell,Conservative
36,5000,11,5,82,emergency,hold,Conservative
49,35000,28,1,249,education,panic-sell,Conservative
45,10000,27,1,27,emergency,panic-sell,Conservative
59,5000,5,4,339,emergency,buy-more,Moderate
30,200000,25,3,274,wealth,hold,Aggressive
22,150000,14,4,357,education,panic-sell,Aggressive
50,200000,8,4,308,education,hold,Moderate
22,35000,11,4,327,education,buy-more,Aggressive
48,20000,13,3,34,emergency,panic-sell,Conservative
28,20000,18,4,321,wealth,hold,Aggressive
58,150000,16,4,243,education,panic-sell,Moderate
28,5000,10,5,192,retirement,hold,Aggressive
24,200000,25,4,337,emergency,buy-more,Aggressive
60,75000,3,1,137,education,panic-sell,Conservative
39,5000,2,2,196,emergency,panic-sell,Conservative
41,75000,24,5,296,education,buy-more,Aggressive
64,75000,0,5,24,retirement,panic-sell,Moderate
43,75000,23,1,13,emergency,panic-sell,Conservative
49,20000,2,2,235,education,panic-sell,Conservative
46,5000,18,2,117,emergency,panic-sell,Conservative
50,200000,29,4,48,retirement,hold,Aggressive
31,200000,12,1,275,wealth,hold,Aggressive
63,75000,15,1,358,wealth,hold,Moderate
22,200000,13,4,129,retirement,panic-sell,Aggressive
52,100000,29,1,214,retirement,panic-sell,Moderate
48,200000,26,3,187,wealth,hold,Aggressive
42,20000,8,2,45,retirement,panic-sell,Moderate
61,35000,25,4,249,emergency,hold,Conservative
57,200000,4,5,338,education,hold,Aggressive
35,50000,13,3,127,retirement,panic-sell,Moderate
54,50000,19,4,349,wealth,buy-more,Aggressive
29,150000,15,1,258,education,buy-more,Aggressive
64,75000,22,3,238,emergency,panic-sell,Conservative
52,10000,16,1,16,emergency,panic-sell,Conservative
57,10000,10,3,284,emergency,hold,Moderate
45,20000,4,1,219,education,hold,Moderate
63,75000,5,1,347,retirement,panic-sell,Moderate
60,150000,13,5,103,emergency,panic-sell,Moderate
54,75000,11,1,283,education,buy-more,Moderate
26,10000,28,3,265,education,hold,Moderate
61,35000,25,4,249,emergency,hold,Conservative
55,100000,26,1,193,education,buy-more,Conservative
34,50000,11,5,290,wealth,hold,Aggressive
36,20000,5,4,213,education,panic-sell,Moderate
48,75000,8,4,226,education,panic-sell,Moderate
37,35000,11,2,196,wealth,panic-sell,Moderate
28,150000,8,3,123,retirement,buy-more,Aggressive
55,35000,28,3,115,retirement,panic-sell,Moderate
38,35000,17,3,230,education,buy-more,Conservative
49,5000,15,5,57,emergency,panic-sell,Conservative
39,5000,2,2,196,emergency,panic-sell,Conservative
31,200000,4,4,153,wealth,buy-more,Aggressive
49,5000,15,5,57,emergency,panic-sell,Conservative
36,5000,2,1,27,retirement,panic-sell,Conservative
37,200000,2,1,70,emergency,panic-sell,Conservative
44,35000,24,4,199,education,panic-sell,Moderate
58,75000,28,1,216,wealth,hold,Moderate
40,150000,16,2,169,retirement,buy-more,Aggressive
28,100000,5,2,169,retirement,buy-more,Aggressive
56,5000,21,4,9,education,hold,Moderate
45,50000,10,4,69,education,panic-sell,Moderate
54,75000,12,5,123,wealth,buy-more,Aggressive
39,5000,2,2,196,emergency,panic-sell,Conservative
41,75000,12,5,353,retirement,buy-more,Aggressive
64,75000,25,3,172,wealth,buy-more,Aggressive
57,50000,9,3,276,retirement,buy-more,Conservative
31,5000,29,3,23,wealth,buy-more,Moderate
50,35000,26,5,160,retirement,buy-more,Aggressive
42,5000,4,3,342,wealth,hold,Moderate
42,150000,4,4,82,emergency,hold,Conservative
55,100000,26,1,193,education,buy-more,Conservative
44,10000,19,1,123,emergency,buy-more,Moderate
60,150000,7,4,216,education,buy-more,Aggressive
47,100000,4,5,276,emergency,buy-more,Aggressive
60,5000,21,5,330,emergency,hold,Moderate
47,150000,1,4,167,education,panic-sell,Moderate
59,20000,11,3,16,wealth,buy-more,Moderate
44,75000,10,1,100,emergency,panic-sell,Conservative
53,20000,29,3,243,wealth,panic-sell,Moderate
48,20000,13,3,34,emergency,panic-sell,Conservative
26,150000,21,3,185,education,buy-more,Aggressive
61,10000,18,1,57,wealth,panic-sell,Moderate
24,200000,25,5,280,wealth,hold,Aggressive
55,200000,10,3,65,retirement,buy-more,Conservative
23,50000,8,1,101,retirement,panic-sell,Conservative
57,200000,12,2,197,wealth,panic-sell,Moderate
39,100000,25,5,17,education,panic-sell,Moderate
55,10000,26,5,242,education,buy-more,Conservative
55,200000,10,3,65,retirement,buy-more,Conservative
26,35000,26,5,276,retirement,hold,Conservative
40,200000,14,2,258,wealth,hold,Conservative
58,35000,24,3,252,wealth,hold,Aggressive
52,50000,4,5,251,wealth,hold,Aggressive
23,200000,12,4,56,retirement,hold,Aggressive
22,10000,13,1,14,emergency,panic-sell,Conservative
42,5000,19,3,167,emergency,hold,Moderate
39,5000,0,5,140,emergency,buy-more,Moderate
26,75000,13,2,226,education,panic-sell,Moderate
22,10000,13,1,14,emergency,panic-sell,Conservative
39,5000,2,2,196,emergency,panic-sell,Conservative
58,20000,5,1,8,education,panic-sell,Conservative
33,75000,29,4,293,education,panic-sell,Moderate
26,20000,28,3,358,education,buy-more,Aggressive
24,200000,12,4,71,wealth,panic-sell,Aggressive
61,75000,20,1,15,wealth,buy-more,Moderate
55,100000,22,5,274,retirement,hold,Aggressive
35,20000,13,1,280,retirement,buy-more,Moderate
61,75000,8,1,351,education,buy-more,Conservative
28,35000,7,4,184,education,hold,Aggressive
52,75000,19,1,81,wealth,hold,Moderate
45,10000,5,1,206,education,panic-sell,Conservative
33,75000,24,3,201,wealth,hold,Aggressive
32,10000,12,4,51,wealth,buy-more,Aggressive
53,100000,4,1,242,retirement,buy-more,Moderate
42,35000,14,2,48,retirement,buy-more,Moderate
28,150000,16,1,198,education,buy-more,Aggressive
54,50000,19,4,349,wealth,buy-more,Aggressive
45,5000,15,3,119,wealth,hold,Moderate
25,200000,25,5,169,retirement,panic-sell,Aggressive
45,10000,27,1,27,emergency,panic-sell,Conservative
61,75000,8,1,351,education,buy-more,Conservative
55,100000,26,1,193,education,buy-more,Conservative
56,10000,27,4,189,wealth,buy-more,Aggressive
62,10000,3,3,253,wealth,hold,Moderate
36,5000,2,1,27,retirement,panic-sell,Conservative
29,20000,3,1,202,emergency,panic-sell,Conservative
55,200000,10,3,65,retirement,buy-more,Conservative
32,200000,2,3,279,wealth,buy-more,Aggressive
49,20000,2,2,235,education,panic-sell,Conservative
36,50000,15,4,31,emergency,buy-more,Moderate
27,100000,5,4,109,emergency,buy-more,Aggressive
39,75000,28,2,104,education,panic-sell,Conservative
31,200000,21,3,264,education,hold,Aggressive
29,5000,20,4,241,emergency,buy-more,Aggressive
64,75000,22,3,238,emergency,panic-sell,Conservative
44,75000,13,2,263,wealth,hold,Aggressive
49,150000,15,4,195,retirement,panic-sell,Conservative
29,10000,22,3,342,retirement,hold,Aggressive
47,100000,4,5,310,retirement,hold,Aggressive
55,20000,1,3,10,education,hold,Moderate
59,50000,9,1,193,emergency,panic-sell,Conservative
54,150000,13,5,272,retirement,buy-more,Aggressive
46,10000,5,4,292,education,hold,Moderate
48,35000,8,5,229,education,buy-more,Moderate
36,5000,2,1,27,retirement,panic-sell,Conservative
30,100000,0,5,135,wealth,hold,Aggressive
55,100000,2,4,151,wealth,hold,Aggressive
23,50000,21,4,205,wealth,hold,Aggressive
58,50000,12,3,346,wealth,hold,Aggressive
54,35000,2,3,272,education,panic-sell,Moderate
35,35000,19,2,106,wealth,hold,Moderate
36,5000,11,5,82,emergency,hold,Conservative
53,75000,8,1,192,education,panic-sell,Moderate
40,100000,4,4,45,retirement,hold,Aggressive
29,50000,20,4,293,wealth,buy-more,Aggressive
47,35000,27,1,59,emergency,hold,Moderate
63,200000,6,3,172,retirement,panic-sell,Moderate
48,150000,0,1,278,emergency,panic-sell,Conservative
28,50000,2,5,58,wealth,panic-sell,Moderate
48,20000,13,3,34,emergency,panic-sell,Conservative
44,150000,18,4,7,wealth,hold,Aggressive
56,5000,15,4,148,wealth,panic-sell,Moderate
59,10000,10,3,345,education,hold,Moderate
63,20000,27,2,186,retirement,buy-more,Moderate
37,75000,18,3,213,retirement,panic-sell,Moderate
53,200000,9,2,123,retirement,buy-more,Moderate
49,35000,28,1,249,education,panic-sell,Conservative
27,150000,24,5,49,wealth,buy-more,Aggressive
64,150000,23,1,330,retirement,hold,Moderate
43,50000,16,2,107,wealth,hold,Moderate
32,35000,21,5,186,emergency,panic-sell,Conservative
58,20000,5,1,8,education,panic-sell,Conservative
44,75000,10,1,100,emergency,panic-sell,Conservative
60,5000,25,2,168,retirement,panic-sell,Moderate
40,150000,1,1,338,education,hold,Moderate
32,50000,14,2,200,retirement,hold,Moderate
54,20000,13,4,230,education,panic-sell,Moderate
44,75000,10,1,100,emergency,panic-sell,Conservative
45,150000,6,5,144,retirement,buy-more,Conservative
51,75000,11,4,23,education,buy-more,Aggressive
56,5000,11,3,17,emergency,hold,Moderate
45,10000,5,1,206,education,panic-sell,Conservative
42,5000,5,4,283,education,panic-sell,Moderate
38,75000,27,5,185,emergency,hold,Aggressive
44,5000,4,1,116,emergency,panic-sell,Conservative
22,100000,28,1,213,wealth,buy-more,Aggressive
62,75000,13,3,354,emergency,buy-more,Moderate
46,75000,5,1,192,emergency,panic-sell,Conservative
39,150000,11,5,11,wealth,hold,Aggressive
55,100000,26,1,193,education,buy-more,Conservative
56,10000,13,4,224,wealth,hold,Aggressive
46,100000,7,3,149,education,hold,Moderate
42,150000,4,4,82,emergency,hold,Conservative
29,20000,3,1,202,emergency,panic-sell,Conservative
35,100000,29,5,350,education,buy-more,Aggressive
62,150000,16,4,193,retirement,hold,Aggressive
35,35000,0,5,63,education,panic-sell,Moderate
36,5000,2,1,27,retirement,panic-sell,Conservative
37,50000,25,5,258,education,buy-more,Aggressive
55,100000,6,5,217,education,hold,Aggressive
43,150000,25,4,250,wealth,panic-sell,Aggressive
27,75000,14,3,205,emergency,hold,Moderate
23,50000,2,4,95,retirement,buy-more,Aggressive
44,75000,10,1,100,emergency,panic-sell,Conservative
61,50000,24,4,18,education,buy-more,Moderate
30,10000,9,3,165,retirement,panic-sell,Moderate
30,100000,28,1,206,emergency,buy-more,Moderate
26,10000,2,3,191,emergency,buy-more,Moderate
62,35000,27,4,115,wealth,hold,Aggressive
57,50000,9,3,231,emergency,panic-sell,Moderate
26,75000,18,2,297,education,panic-sell,Moderate
29,50000,25,5,320,retirement,hold,Aggressive
28,100000,27,3,66,wealth,buy-more,Aggressive
55,10000,26,5,242,education,buy-more,Conservative
55,200000,10,3,65,retirement,buy-more,Conservative
37,200000,2,1,70,emergency,panic-sell,Conservative
50,75000,20,5,311,emergency,buy-more,Aggressive
58,200000,19,4,33,wealth,buy-more,Aggressive
44,5000,5,4,336,wealth,panic-sell,Moderate
58,10000,20,3,353,wealth,hold,Moderate
57,50000,14,3,77,education,hold,Moderate
60,35000,6,4,142,retirement,hold,Moderate
36,50000,23,4,255,emergency,hold,Moderate
42,50000,20,2,137,retirement,buy-more,Aggressive
48,20000,13,3,34,emergency,panic-sell,Conservative
32,35000,22,5,204,education,buy-more,Aggressive
63,5000,28,3,13,wealth,hold,Moderate
57,75000,15,3,195,emergency,hold,Moderate
23,200000,13,3,124,wealth,buy-more,Aggressive
36,100000,18,4,273,retirement,buy-more,Aggressive
45,10000,5,1,206,education,panic-sell,Conservative
60,200000,9,3,197,education,panic-sell,Moderate
53,150000,26,2,181,retirement,hold,Moderate
54,35000,29,4,312,wealth,buy-more,Aggressive
25,100000,19,1,328,wealth,hold,Moderate
25,100000,20,2,247,retirement,buy-more,Aggressive
51,35000,2,1,245,wealth,panic-sell,Moderate
37,35000,12,2,111,wealth,buy-more,Aggressive
48,150000,0,1,278,emergency,panic-sell,Conservative
60,20000,17,2,269,wealth,hold,Moderate
43,150000,26,4,316,education,hold,Aggressive
44,100000,10,4,59,wealth,hold,Aggressive
38,20000,22,5,341,wealth,buy-more,Aggressive
40,200000,14,2,258,wealth,hold,Conservative
40,200000,14,2,258,wealth,hold,Conservative
29,100000,4,1,234,emergency,buy-more,Moderate
58,35000,22,3,98,emergency,hold,Moderate
39,20000,0,2,313,retirement,buy-more,Moderate
27,35000,16,3,35,retirement,buy-more,Aggressive
49,5000,15,5,57,emergency,panic-sell,Conservative
43,10000,4,1,42,emergency,panic-sell,Conservative
61,150000,10,5,309,emergency,buy-more,Aggressive
30,5000,2,1,98,education,panic-sell,Conservative
58,50000,12,3,346,wealth,hold,Aggressive
61,35000,25,4,249,emergency,hold,Conservative
45,10000,5,1,206,education,panic-sell,Conservative
60,75000,3,1,137,education,panic-sell,Conservative
61,35000,25,1,49,education,buy-more,Moderate
57,5000,26,1,260,wealth,buy-more,Moderate
34,5000,24,1,293,wealth,buy-more,Moderate
44,150000,7,3,276,education,panic-sell,Moderate
46,75000,5,1,192,emergency,panic-sell,Conservative
56,150000,21,5,118,wealth,hold,Aggressive
41,35000,12,3,333,retirement,buy-more,Aggressive
53,5000,1,1,103,retirement,panic-sell,Conservative
35,200000,9,1,176,wealth,panic-sell,Moderate
26,75000,24,1,111,emergency,buy-more,Moderate
56,75000,14,1,286,retirement,panic-sell,Moderate
30,50000,17,1,188,education,buy-more,Moderate
39,75000,28,2,104,education,panic-sell,Conservative
43,100000,20,5,130,education,hold,Aggressive
45,150000,6,5,144,retirement,buy-more,Conservative
54,20000,4,2,284,wealth,buy-more,Moderate
46,5000,18,2,117,emergency,panic-sell,Conservative
58,200000,24,4,351,education,panic-sell,Moderate
53,5000,1,1,103,retirement,panic-sell,Conservative
49,20000,2,2,235,education,panic-sell,Conservative
45,150000,6,5,144,retirement,buy-more,Conservative
56,10000,27,4,189,wealth,buy-more,Aggressive
58,150000,27,2,20,retirement,hold,Moderate
52,10000,16,1,16,emergency,panic-sell,Conservative
43,75000,23,1,13,emergency,panic-sell,Conservative
60,50000,9,1,111,wealth,hold,Moderate
26,35000,26,5,276,retirement,hold,Conservative
38,20000,15,3,271,retirement,panic-sell,Moderate
28,50000,23,5,193,retirement,hold,Aggressive
22,5000,26,5,251,emergency,hold,Conservative
46,200000,19,4,18,education,panic-sell,Moderate
30,150000,22,4,116,wealth,panic-sell,Aggressive
33,5000,22,1,156,education,hold,Conservative
27,35000,14,2,303,education,hold,Moderate
59,10000,9,3,176,retirement,buy-more,Conservative
36,5000,2,1,27,retirement,panic-sell,Conservative
26,150000,25,4,256,retirement,buy-more,Aggressive
30,20000,21,4,280,retirement,buy-more,Aggressive
53,35000,11,3,348,education,buy-more,Moderate
49,20000,2,2,235,education,panic-sell,Conservative
35,150000,7,4,95,retirement,hold,Conservative
57,5000,16,1,254,emergency,panic-sell,Conservative
43,10000,8,4,267,retirement,panic-sell,Moderate
31,5000,3,3,166,wealth,hold,Moderate
53,5000,18,4,199,wealth,buy-more,Aggressive
51,10000,5,5,150,education,buy-more,Moderate
46,75000,5,1,192,emergency,panic-sell,Conservative
59,10000,9,3,176,retirement,buy-more,Conservative
55,150000,16,1,194,education,buy-more,Moderate
57,200000,8,4,22,education,buy-more,Aggressive
52,10000,16,1,16,emergency,panic-sell,Conservative
31,100000,14,1,288,emergency,buy-more,Moderate
39,75000,28,2,104,education,panic-sell,Conservative
43,10000,4,5,202,retirement,hold,Aggressive
39,150000,11,5,11,wealth,hold,Aggressive
55,75000,12,2,37,wealth,panic-sell,Moderate
53,35000,18,2,339,wealth,buy-more,Aggressive
54,10000,25,3,31,wealth,hold,Moderate
61,75000,8,1,351,education,buy-more,Conservative
35,150000,16,1,165,retirement,buy-more,Aggressive
53,5000,27,2,255,wealth,panic-sell,Moderate
28,100000,1,5,77,wealth,buy-more,Aggressive
45,5000,12,3,200,education,panic-sell,Moderate
27,200000,19,4,18,education,buy-more,Aggressive
29,20000,3,1,202,emergency,panic-sell,Conservative
44,75000,29,1,30,wealth,hold,Moderate
39,75000,28,2,104,education,panic-sell,Conservative
46,75000,5,1,192,emergency,panic-sell,Conservative
64,150000,10,5,203,education,hold,Aggressive
29,200000,0,2,153,wealth,hold,Aggressive
51,5000,21,3,62,education,hold,Conservative
46,75000,5,1,192,emergency,panic-sell,Conservative
32,10000,16,4,223,education,hold,Moderate
37,100000,13,1,304,retirement,buy-more,Aggressive
33,150000,9,2,326,emergency,buy-more,Moderate
41,10000,0,5,154,wealth,hold,Aggressive
36,50000,1,4,122,education,panic-sell,Moderate
64,75000,25,3,172,wealth,buy-more,Aggressive
63,75000,20,5,169,emergency,panic-sell,Moderate
35,150000,7,4,95,retirement,hold,Conservative
37,200000,2,1,70,emergency,panic-sell,Conservative
54,150000,23,3,348,retirement,buy-more,Aggressive
26,20000,28,3,358,education,buy-more,Aggressive
59,75000,23,4,52,retirement,hold,Moderate
34,5000,20,2,236,education,hold,Moderate
49,150000,15,4,195,retirement,panic-sell,Conservative
64,200000,23,3,256,emergency,panic-sell,Moderate
51,5000,21,3,62,education,hold,Conservative
36,35000,21,5,222,wealth,buy-more,Aggressive
42,35000,22,4,156,wealth,buy-more,Aggressive
61,35000,25,4,249,emergency,hold,Conservative
60,100000,11,4,178,emergency,hold,Moderate
50,200000,14,3,101,education,buy-more,Moderate
46,75000,23,4,286,emergency,buy-more,Moderate
57,200000,26,3,280,wealth,buy-more,Aggressive
59,5000,8,5,155,retirement,panic-sell,Moderate
37,50000,25,5,258,education,buy-more,Aggressive
61,150000,10,5,309,emergency,buy-more,Aggressive
47,200000,29,4,192,education,hold,Aggressive
22,100000,14,5,81,education,hold,Aggressive
61,75000,8,1,351,education,buy-more,Conservative
36,5000,2,1,27,retirement,panic-sell,Conservative
43,10000,4,1,42,emergency,panic-sell,Conservative
47,75000,23,5,138,wealth,panic-sell,Aggressive
28,35000,3,5,343,retirement,panic-sell,Moderate
44,35000,15,5,191,retirement,panic-sell,Aggressive
63,75000,8,5,19,wealth,panic-sell,Moderate
43,50000,24,2,321,retirement,hold,Moderate
37,35000,12,2,111,wealth,buy-more,Aggressive
61,75000,8,1,351,education,buy-more,Conservative
29,150000,26,4,11,education,hold,Aggressive
36,200000,11,2,52,retirement,hold,Moderate
33,75000,0,5,293,education,buy-more,Aggressive
51,75000,10,2,211,retirement,hold,Moderate
34,10000,4,5,274,education,buy-more,Aggressive
47,200000,23,4,215,retirement,hold,Aggressive
38,50000,22,3,36,retirement,buy-more,Moderate
34,35000,23,4,238,wealth,hold,Aggressive
23,50000,12,1,24,education,buy-more,Moderate
59,10000,9,3,176,retirement,buy-more,Conservative
32,35000,21,5,186,emergency,panic-sell,Conservative
24,35000,17,2,348,retirement,buy-more,Aggressive
24,35000,29,4,194,wealth,buy-more,Aggressive
39,75000,28,2,104,education,panic-sell,Conservative
51,5000,21,3,62,education,hold,Conservative
26,100000,21,4,117,education,hold,Aggressive
35,35000,16,5,51,retirement,buy-more,Aggressive
61,35000,25,4,249,emergency,hold,Conservative
33,5000,22,1,156,education,hold,Conservative
51,75000,11,4,23,education,buy-more,Aggressive
47,35000,19,5,146,education,buy-more,Aggressive
37,50000,26,2,289,wealth,hold,Aggressive
50,10000,17,4,227,retirement,panic-sell,Conservative
50,5000,25,5,42,retirement,buy-more,Aggressive
39,75000,28,2,104,education,panic-sell,Conservative
42,50000,20,2,137,retirement,buy-more,Aggressive
46,10000,11,5,13,retirement,buy-more,Conservative
22,5000,26,5,251,emergency,hold,Conservative
25,35000,20,3,142,wealth,panic-sell,Aggressive
47,50000,20,1,93,retirement,hold,Moderate
50,10000,17,5,218,retirement,panic-sell,Moderate
28,5000,23,5,225,retirement,hold,Aggressive
64,200000,7,3,134,emergency,buy-more,Moderate
55,100000,26,1,193,education,buy-more,Conservative
55,35000,29,3,171,wealth,panic-sell,Moderate
40,200000,14,2,258,wealth,hold,Conservative
53,5000,1,1,103,retirement,panic-sell,Conservative
63,35000,24,5,77,emergency,panic-sell,Moderate
53,100000,21,1,187,wealth,panic-sell,Moderate
55,100000,22,5,274,retirement,hold,Aggressive
33,50000,16,1,283,wealth,hold,Moderate
26,35000,6,3,249,retirement,panic-sell,Moderate
60,50000,16,5,136,emergency,hold,Moderate
26,100000,21,4,117,education,hold,Aggressive
32,35000,21,5,186,emergency,panic-sell,Conservative
59,150000,12,2,100,wealth,buy-more,Aggressive
62,150000,16,4,193,retirement,hold,Aggressive
44,75000,13,2,263,wealth,hold,Aggressive
44,75000,10,1,100,emergency,panic-sell,Conservative
63,10000,24,3,244,education,panic-sell,Moderate
61,75000,20,5,55,education,hold,Moderate
41,150000,10,4,177,education,hold,Aggressive
53,35000,18,2,339,wealth,buy-more,Aggressive
33,100000,25,2,80,retirement,hold,Moderate
46,5000,23,1,217,retirement,buy-more,Moderate
36,5000,11,5,82,emergency,hold,Conservative
44,10000,20,4,130,retirement,buy-more,Aggressive
36,5000,11,5,82,emergency,hold,Conservative
29,20000,3,1,202,emergency,panic-sell,Conservative
22,5000,26,5,251,emergency,hold,Conservative
55,10000,26,5,242,education,buy-more,Conservative
60,75000,3,1,137,education,panic-sell,Conservative
39,150000,7,1,285,retirement,hold,Moderate
63,5000,25,2,310,emergency,hold,Moderate
22,100000,7,2,286,education,buy-more,Aggressive
24,35000,19,2,180,education,buy-more,Aggressive
39,50000,20,1,44,retirement,hold,Moderate
47,200000,29,4,192,education,hold,Aggressive
38,50000,8,5,83,emergency,hold,Moderate
38,20000,11,2,63,wealth,hold,Moderate
27,150000,2,4,315,education,buy-more,Aggressive
39,150000,11,5,11,wealth,hold,Aggressive
32,75000,21,1,268,retirement,buy-more,Moderate
44,75000,10,1,100,emergency,panic-sell,Conservative
33,5000,22,1,156,education,hold,Conservative
55,10000,26,5,242,education,buy-more,Conservative
22,10000,13,1,14,emergency,panic-sell,Conservative
54,100000,15,2,332,retirement,hold,Moderate
54,35000,19,2,208,retirement,panic-sell,Moderate
41,100000,27,2,125,wealth,buy-more,Aggressive
55,200000,10,3,65,retirement,buy-more,Conservative
54,50000,19,4,252,retirement,buy-more,Aggressive
46,35000,19,3,277,wealth,panic-sell,Moderate
61,35000,25,4,249,emergency,hold,Conservative
57,100000,15,2,90,wealth,panic-sell,Moderate
36,5000,11,5,82,emergency,hold,Conservative
43,5000,27,5,247,retirement,hold,Aggressive
48,5000,18,5,311,retirement,buy-more,Aggressive
43,10000,4,1,42,emergency,panic-sell,Conservative
23,50000,2,4,95,retirement,buy-more,Aggressive
48,20000,13,3,34,emergency,panic-sell,Conservative
63,50000,22,2,338,wealth,buy-more,Aggressive
63,200000,21,5,323,wealth,buy-more,Aggressive
63,50000,22,2,338,wealth,buy-more,Aggressive
30,50000,27,4,241,education,buy-more,Aggressive
44,5000,4,1,116,emergency,panic-sell,Conservative
38,75000,0,3,224,education,panic-sell,Moderate
51,50000,11,2,193,wealth,buy-more,Aggressive
23,100000,5,1,161,wealth,buy-more,Aggressive
30,100000,6,3,232,wealth,hold,Aggressive
45,150000,6,5,144,retirement,buy-more,Conservative
60,75000,3,1,137,education,panic-sell,Conservative
51,20000,28,3,333,retirement,hold,Moderate
31,75000,15,5,293,retirement,panic-sell,Aggressive
30,200000,25,3,274,wealth,hold,Aggressive
36,5000,11,5,82,emergency,hold,Conservative
34,100000,1,4,40,education,buy-more,Moderate
42,20000,21,5,30,education,panic-sell,Moderate
25,35000,16,5,194,retirement,buy-more,Aggressive
47,150000,22,4,231,wealth,panic-sell,Aggressive
47,35000,11,3,100,emergency,buy-more,Moderate
34,50000,0,3,236,retirement,hold,Moderate
23,200000,27,3,248,wealth,buy-more,Aggressive
51,50000,28,2,311,emergency,panic-sell,Moderate
46,200000,13,4,118,emergency,hold,Moderate
54,100000,29,5,41,retirement,panic-sell,Moderate
44,5000,4,1,116,emergency,panic-sell,Conservative
41,100000,5,1,85,education,buy-more,Moderate
49,150000,20,2,152,emergency,buy-more,Moderate
22,10000,13,1,14,emergency,panic-sell,Conservative
46,10000,11,5,13,retirement,buy-more,Conservative
43,75000,23,1,13,emergency,panic-sell,Conservative
56,75000,4,4,342,retirement,buy-more,Aggressive
24,35000,13,4,254,wealth,buy-more,Aggressive
44,5000,8,5,344,emergency,hold,Moderate
44,75000,10,1,100,emergency,panic-sell,Conservative
58,5000,20,3,215,retirement,hold,Moderate
42,20000,7,3,300,education,panic-sell,Moderate
40,10000,8,3,290,retirement,hold,Moderate
58,50000,11,2,219,emergency,hold,Moderate
28,5000,10,5,192,retirement,hold,Aggressive
22,150000,25,1,304,wealth,hold,Aggressive
22,20000,14,2,218,wealth,buy-more,Aggressive
27,150000,2,4,315,education,buy-more,Aggressive
40,35000,9,5,59,emergency,buy-more,Moderate
42,50000,20,2,137,retirement,buy-more,Aggressive
29,100000,7,5,356,wealth,panic-sell,Aggressive
61,75000,8,1,351,education,buy-more,Conservative
53,5000,1,1,103,retirement,panic-sell,Conservative
44,5000,4,1,116,emergency,panic-sell,Conservative
29,150000,21,1,314,emergency,hold,Moderate
34,150000,20,1,145,retirement,panic-sell,Moderate
49,150000,15,4,195,retirement,panic-sell,Conservative
45,10000,27,1,27,emergency,panic-sell,Conservative
27,5000,9,5,245,retirement,hold,Aggressive
30,100000,6,3,232,wealth,hold,Aggressive
24,50000,18,1,254,wealth,hold,Aggressive
36,5000,2,1,27,retirement,panic-sell,Conservative
42,20000,2,3,17,retirement,buy-more,Moderate
52,10000,16,1,16,emergency,panic-sell,Conservative
41,75000,24,5,296,education,buy-more,Aggressive
41,75000,29,5,30,emergency,hold,Moderate
45,35000,26,3,350,retirement,hold,Moderate
62,5000,27,4,347,wealth,hold,Aggressive
22,20000,8,2,11,emergency,hold,Moderate
47,200000,11,5,301,education,buy-more,Aggressive
30,5000,2,1,98,education,panic-sell,Conservative
53,10000,21,2,109,retirement,buy-more,Moderate
64,75000,2,5,30,emergency,panic-sell,Moderate
51,5000,21,3,62,education,hold,Conservative
49,5000,15,5,57,emergency,panic-sell,Conservative
43,10000,4,5,202,retirement,hold,Aggressive
58,20000,5,1,8,education,panic-sell,Conservative
62,50000,4,1,320,emergency,panic-sell,Conservative
24,5000,2,1,293,retirement,buy-more,Moderate
47,20000,8,4,211,emergency,hold,Moderate
43,10000,4,1,42,emergency,panic-sell,Conservative
22,100000,7,2,286,education,buy-more,Aggressive
61,75000,8,1,351,education,buy-more,Conservative
23,5000,16,3,237,wealth,panic-sell,Moderate
61,35000,28,5,299,retirement,panic-sell,Moderate
41,200000,10,5,81,education,panic-sell,Moderate
25,100000,20,2,247,retirement,buy-more,Aggressive
37,10000,23,4,143,retirement,hold,Aggressive
49,35000,28,1,249,education,panic-sell,Conservative
60,150000,28,2,37,wealth,buy-more,Aggressive
60,75000,3,1,137,education,panic-sell,Conservative
30,50000,24,4,315,retirement,panic-sell,Moderate
33,5000,22,1,156,education,hold,Conservative
41,75000,24,5,296,education,buy-more,Aggressive
53,75000,6,4,200,education,buy-more,Moderate
55,200000,10,3,65,retirement,buy-more,Conservative
49,20000,2,2,235,education,panic-sell,Conservative
36,5000,2,1,27,retirement,panic-sell,Conservative
27,5000,23,2,35,emergency,panic-sell,Moderate
47,100000,4,5,310,retirement,hold,Aggressive
40,35000,28,4,320,retirement,buy-more,Aggressive
24,20000,7,1,30,education,panic-sell,Conservative
26,100000,12,2,222,education,hold,Aggressive
54,100000,27,1,182,emergency,hold,Moderate
38,50000,27,2,178,retirement,panic-sell,Moderate
33,20000,18,5,198,wealth,buy-more,Aggressive
44,5000,4,1,116,emergency,panic-sell,Conservative
27,75000,19,5,70,wealth,hold,Aggressive
42,10000,16,2,271,wealth,panic-sell,Conservative
29,50000,20,4,293,wealth,buy-more,Aggressive
59,10000,9,3,176,retirement,buy-more,Conservative
32,35000,21,5,186,emergency,panic-sell,Conservative
36,5000,7,2,133,retirement,hold,Moderate
23,50000,8,1,101,retirement,panic-sell,Conservative
47,200000,16,3,176,wealth,buy-more,Aggressive
50,100000,1,3,164,retirement,panic-sell,Moderate
49,150000,1,2,283,education,hold,Moderate
45,50000,24,5,251,emergency,buy-more,Aggressive
52,50000,4,5,251,wealth,hold,Aggressive
35,150000,16,1,165,retirement,buy-more,Aggressive
60,35000,17,2,168,education,hold,Moderate
55,10000,26,5,242,education,buy-more,Conservative
60,75000,3,1,137,education,panic-sell,Conservative
52,50000,20,1,168,wealth,panic-sell,Moderate
22,200000,17,1,99,emergency,buy-more,Moderate
58,10000,3,5,108,education,buy-more,Moderate
39,75000,28,2,104,education,panic-sell,Conservative
27,5000,9,5,245,retirement,hold,Aggressive
46,75000,5,1,192,emergency,panic-sell,Conservative
42,10000,16,2,271,wealth,panic-sell,Conservative
37,20000,16,1,329,emergency,panic-sell,Moderate
62,50000,4,1,320,emergency,panic-sell,Conservative
32,100000,25,1,278,emergency,buy-more,Moderate
47,50000,20,5,303,education,hold,Aggressive
39,10000,15,1,221,emergency,panic-sell,Moderate
46,5000,18,2,117,emergency,panic-sell,Conservative
64,150000,10,5,203,education,hold,Aggressive
56,35000,16,3,16,wealth,hold,Moderate
27,5000,9,5,245,retirement,hold,Aggressive
60,75000,3,1,137,education,panic-sell,Conservative
36,200000,28,2,185,education,buy-more,Aggressive
25,50000,6,5,75,wealth,hold,Aggressive
45,5000,9,3,87,education,panic-sell,Moderate
58,5000,16,5,192,emergency,panic-sell,Moderate
28,100000,27,3,66,wealth,buy-more,Aggressive
48,20000,13,3,34,emergency,panic-sell,Conservative
22,200000,0,4,271,emergency,panic-sell,Moderate
55,200000,10,3,65,retirement,buy-more,Conservative
44,10000,7,5,315,retirement,panic-sell,Moderate
22,100000,28,1,213,wealth,buy-more,Aggressive
46,200000,21,2,315,wealth,hold,Aggressive
60,75000,3,1,137,education,panic-sell,Conservative
52,10000,16,1,16,emergency,panic-sell,Conservative
40,200000,14,2,258,wealth,hold,Conservative
46,50000,5,2,350,education,panic-sell,Aggressive
38,150000,7,5,341,wealth,buy-more,Aggressive
59,10000,9,3,176,retirement,buy-more,Conservative
39,75000,28,2,104,education,panic-sell,Conservative
63,50000,22,2,338,wealth,buy-more,Aggressive
61,35000,25,4,249,emergency,hold,Conservative
38,35000,17,3,230,education,buy-more,Conservative
40,100000,27,1,46,emergency,hold,Moderate
39,75000,28,2,104,education,panic-sell,Conservative
45,10000,27,1,27,emergency,panic-sell,Conservative
58,75000,4,5,120,wealth,panic-sell,Moderate
23,20000,14,2,252,wealth,hold,Aggressive
54,10000,23,4,226,wealth,hold,Aggressive
22,20000,16,5,310,wealth,panic-sell,Aggressive
45,20000,28,4,271,education,buy-more,Moderate
54,20000,7,4,121,retirement,panic-sell,Moderate
49,35000,28,1,249,education,panic-sell,Conservative
23,5000,29,5,180,retirement,buy-more,Aggressive
50,10000,17,4,227,retirement,panic-sell,Conservative
46,35000,24,3,27,emergency,buy-more,Moderate
41,200000,20,1,351,retirement,panic-sell,Moderate
28,100000,1,5,77,wealth,buy-more,Aggressive
23,20000,14,2,252,wealth,hold,Aggressive
48,200000,2,5,114,retirement,hold,Moderate
32,35000,21,5,186,emergency,panic-sell,Conservative
31,75000,2,4,234,retirement,hold,Moderate
24,20000,7,1,30,education,panic-sell,Conservative
25,5000,5,2,20,emergency,buy-more,Moderate
61,75000,8,1,351,education,buy-more,Conservative
23,50000,21,5,196,wealth,buy-more,Aggressive
60,150000,7,4,216,education,buy-more,Aggressive
43,5000,27,4,101,wealth,hold,Aggressive
39,20000,6,4,324,education,panic-sell,Moderate
49,150000,15,4,195,retirement,panic-sell,Conservative
44,75000,10,1,100,emergency,panic-sell,Conservative
33,5000,2,3,81,wealth,hold,Moderate
29,20000,3,1,202,emergency,panic-sell,Conservative
42,100000,0,1,23,wealth,panic-sell,Moderate
22,50000,14,2,65,emergency,buy-more,Moderate
45,10000,27,1,27,emergency,panic-sell,Conservative
28,5000,10,5,192,retirement,hold,Aggressive
35,200000,6,4,152,retirement,buy-more,Aggressive
39,200000,11,5,96,wealth,hold,Aggressive
32,50000,18,5,81,emergency,buy-more,Aggressive
38,75000,1,3,150,emergency,buy-more,Moderate
57,10000,13,4,127,emergency,hold,Moderate
23,35000,13,3,207,wealth,hold,Aggressive
57,20000,23,3,292,education,hold,Moderate
23,20000,14,1,339,wealth,panic-sell,Moderate
53,75000,25,4,223,retirement,buy-more,Aggressive
45,10000,5,1,206,education,panic-sell,Conservative
26,35000,2,3,355,retirement,buy-more,Aggressive
39,50000,13,2,297,emergency,panic-sell,Moderate
59,50000,9,1,193,emergency,panic-sell,Conservative
56,50000,24,5,114,emergency,hold,Moderate
36,35000,7,3,234,wealth,hold,Aggressive
30,150000,7,2,11,education,hold,Moderate
45,20000,5,4,338,wealth,buy-more,Aggressive
33,5000,22,1,156,education,hold,Conservative
43,75000,23,1,13,emergency,panic-sell,Conservative
27,35000,29,5,63,wealth,hold,Aggressive
25,75000,18,1,78,wealth,hold,Moderate
22,100000,14,2,159,retirement,panic-sell,Moderate
25,50000,6,5,75,wealth,hold,Aggressive
55,10000,26,5,242,education,buy-more,Conservative
41,5000,15,2,195,education,hold,Moderate
60,150000,5,4,39,education,panic-sell,Moderate
46,75000,14,3,259,wealth,buy-more,Aggressive
29,75000,9,5,181,emergency,panic-sell,Moderate
35,200000,22,5,84,wealth,buy-more,Aggressive
47,20000,20,3,12,wealth,hold,Moderate
32,100000,1,1,211,education,hold,Moderate
61,5000,12,2,200,emergency,hold,Moderate
54,50000,22,4,202,emergency,hold,Moderate
51,10000,22,5,339,wealth,buy-more,Aggressive
62,100000,2,2,248,wealth,buy-more,Moderate
57,100000,26,1,307,wealth,hold,Moderate
36,5000,11,5,82,emergency,hold,Conservative
30,5000,2,1,98,education,panic-sell,Conservative
50,35000,26,5,160,retirement,buy-more,Aggressive
39,75000,28,2,104,education,panic-sell,Conservative
45,20000,17,4,324,education,buy-more,Moderate
64,75000,22,3,238,emergency,panic-sell,Conservative
58,200000,3,4,274,education,panic-sell,Moderate
25,200000,25,5,169,retirement,panic-sell,Aggressive
55,200000,10,3,65,retirement,buy-more,Conservative
59,10000,9,3,176,retirement,buy-more,Conservative
28,35000,7,4,184,education,hold,Aggressive
24,20000,7,1,30,education,panic-sell,Conservative
34,10000,26,5,281,emergency,panic-sell,Moderate
22,5000,6,2,154,retirement,hold,Moderate
31,200000,11,2,301,retirement,buy-more,Aggressive
57,50000,9,3,276,retirement,buy-more,Conservative
45,10000,5,1,206,education,panic-sell,Conservative
45,10000,27,1,27,emergency,panic-sell,Conservative
29,50000,22,2,112,education,hold,Moderate
46,35000,14,1,151,education,buy-more,Moderate
46,5000,18,2,117,emergency,panic-sell,Conservative
49,5000,6,1,225,wealth,hold,Moderate
59,150000,27,1,262,emergency,buy-more,Moderate
25,35000,3,2,272,emergency,buy-more,Moderate
26,50000,22,1,211,wealth,hold,Aggressive
22,35000,11,4,327,education,buy-more,Aggressive
23,150000,0,3,61,emergency,buy-more,Moderate
29,150000,18,1,18,wealth,hold,Moderate
61,200000,12,5,350,education,hold,Aggressive
47,75000,29,3,13,wealth,buy-more,Moderate
39,5000,13,1,178,emergency,panic-sell,Moderate
26,35000,3,5,308,emergency,hold,Moderate
45,150000,6,5,144,retirement,buy-more,Conservative
22,100000,19,2,306,education,hold,Aggressive
46,75000,21,4,229,education,panic-sell,Moderate
35,5000,13,3,242,retirement,hold,Moderate
43,20000,28,2,304,emergency,panic-sell,Moderate
35,150000,7,4,95,retirement,hold,Conservative
42,10000,16,2,271,wealth,panic-sell,Conservative
25,50000,12,1,265,wealth,panic-sell,Moderate
53,75000,22,3,23,retirement,panic-sell,Moderate
25,75000,17,4,56,emergency,panic-sell,Moderate
46,10000,11,5,13,retirement,buy-more,Conservative
54,5000,25,3,265,emergency,hold,Moderate
30,75000,2,3,195,emergency,buy-more,Moderate
51,75000,6,2,254,retirement,buy-more,Moderate
44,5000,3,1,242,wealth,panic-sell,Moderate
42,100000,23,1,100,education,buy-more,Moderate
58,20000,5,1,8,education,panic-sell,Conservative
33,35000,23,1,251,retirement,buy-more,Moderate
30,100000,17,2,84,emergency,hold,Moderate
49,150000,15,4,195,retirement,panic-sell,Conservative
44,75000,10,1,100,emergency,panic-sell,Conservative
57,200000,8,4,22,education,buy-more,Aggressive
24,20000,7,1,30,education,panic-sell,Conservative
45,10000,5,1,206,education,panic-sell,Conservative
33,10000,2,5,145,education,hold,Moderate
47,10000,23,4,256,retirement,hold,Moderate
56,20000,11,3,204,wealth,buy-more,Aggressive
51,10000,18,4,144,education,panic-sell,Moderate
29,20000,3,1,202,emergency,panic-sell,Conservative
37,10000,23,4,143,retirement,hold,Aggressive
57,50000,9,3,276,retirement,buy-more,Conservative
37,150000,24,5,215,wealth,buy-more,Aggressive
29,200000,0,2,153,wealth,hold,Aggressive
32,35000,21,5,186,emergency,panic-sell,Conservative
40,200000,14,2,258,wealth,hold,Conservative
61,75000,8,1,351,education,buy-more,Conservative
36,20000,1,5,207,retirement,buy-more,Aggressive
55,200000,10,3,65,retirement,buy-more,Conservative
48,20000,13,3,34,emergency,panic-sell,Conservative
28,10000,26,4,208,wealth,hold,Aggressive
53,75000,25,4,223,retirement,buy-more,Aggressive
40,150000,16,4,99,education,panic-sell,Moderate
54,20000,18,5,351,education,panic-sell,Aggressive
53,5000,6,2,206,education,hold,Moderate
32,50000,16,2,295,education,buy-more,Moderate
60,200000,20,3,11,retirement,hold,Moderate
49,35000,4,5,35,education,panic-sell,Moderate
22,150000,12,4,335,retirement,hold,Aggressive
36,5000,2,1,27,retirement,panic-sell,Conservative
42,50000,1,1,40,emergency,hold,Moderate
36,100000,18,4,273,retirement,buy-more,Aggressive
43,100000,3,3,43,retirement,hold,Moderate
61,35000,25,4,249,emergency,hold,Conservative
56,35000,5,2,289,emergency,hold,Moderate
26,10000,15,4,176,retirement,panic-sell,Moderate
45,10000,27,1,27,emergency,panic-sell,Conservative
37,200000,2,1,70,emergency,panic-sell,Conservative
57,200000,4,5,338,education,hold,Aggressive
29,100000,11,3,128,emergency,hold,Aggressive
22,200000,19,2,252,retirement,panic-sell,Moderate
62,20000,3,4,78,retirement,hold,Moderate
22,5000,26,5,251,emergency,hold,Conservative
36,5000,2,1,27,retirement,panic-sell,Conservative
45,150000,6,5,144,retirement,buy-more,Conservative
64,75000,22,3,238,emergency,panic-sell,Conservative
44,75000,10,1,100,emergency,panic-sell,Conservative
25,5000,7,1,60,education,hold,Moderate
50,150000,0,4,256,retirement,buy-more,Aggressive
46,5000,23,3,296,education,hold,Moderate
61,75000,8,1,351,education,buy-more,Conservative
62,20000,10,4,9,education,hold,Moderate
32,35000,21,5,186,emergency,panic-sell,Conservative
44,35000,15,5,191,retirement,panic-sell,Aggressive
55,10000,14,5,314,education,panic-sell,Moderate
27,150000,18,5,191,retirement,panic-sell,Aggressive
39,75000,28,2,104,education,panic-sell,Conservative
56,75000,4,4,342,retirement,buy-more,Aggressive
57,50000,9,3,276,retirement,buy-more,Conservative
35,75000,0,5,342,retirement,hold,Aggressive
43,75000,23,1,13,emergency,panic-sell,Conservative
33,150000,20,5,303,wealth,hold,Aggressive
22,20000,14,2,218,wealth,buy-more,Aggressive
23,50000,8,1,101,retirement,panic-sell,Conservative
46,5000,8,4,258,retirement,buy-more,Moderate
49,5000,15,5,57,emergency,panic-sell,Conservative
36,20000,4,3,322,retirement,panic-sell,Moderate
37,200000,2,1,70,emergency,panic-sell,Conservative
44,5000,4,1,116,emergency,panic-sell,Conservative
62,50000,4,1,320,emergency,panic-sell,Conservative
61,75000,8,1,351,education,buy-more,Conservative
37,50000,0,2,71,emergency,buy-more,Moderate
33,5000,23,3,161,retirement,panic-sell,Moderate
30,150000,22,4,116,wealth,panic-sell,Aggressive
22,150000,25,1,304,wealth,hold,Aggressive
41,150000,10,4,177,education,hold,Aggressive
24,75000,9,4,334,emergency,panic-sell,Moderate
59,200000,16,1,199,wealth,panic-sell,Moderate
57,5000,16,1,254,emergency,panic-sell,Conservative
48,150000,0,1,278,emergency,panic-sell,Conservative
55,10000,17,3,242,education,hold,Moderate
24,35000,13,4,254,wealth,buy-more,Aggressive
46,10000,11,5,13,retirement,buy-more,Conservative
26,35000,26,5,276,retirement,hold,Conservative
22,5000,26,5,251,emergency,hold,Conservative
53,20000,27,3,302,wealth,buy-more,Aggressive
25,150000,7,4,110,retirement,buy-more,Aggressive
55,200000,10,3,65,retirement,buy-more,Conservative
59,75000,16,1,145,wealth,buy-more,Moderate
64,75000,22,3,238,emergency,panic-sell,Conservative
31,20000,8,1,327,education,panic-sell,Aggressive
55,200000,10,3,65,retirement,buy-more,Conservative
55,200000,10,3,65,retirement,buy-more,Conservative
59,150000,4,4,255,education,buy-more,Aggressive
53,200000,17,3,337,wealth,buy-more,Aggressive
56,10000,27,4,189,wealth,buy-more,Aggressive
39,75000,28,2,104,education,panic-sell,Conservative
55,10000,26,5,242,education,buy-more,Conservative
43,75000,23,1,13,emergency,panic-sell,Conservative
57,200000,13,3,332,wealth,hold,Aggressive
35,150000,7,4,95,retirement,hold,Conservative
44,5000,4,1,116,emergency,panic-sell,Conservative
50,20000,8,3,319,retirement,hold,Moderate
44,75000,10,1,100,emergency,panic-sell,Conservative
26,35000,26,5,276,retirement,hold,Conservative
43,100000,21,3,160,emergency,hold,Moderate
23,200000,13,3,124,wealth,buy-more,Aggressive
26,35000,26,5,276,retirement,hold,Conservative
22,100000,20,3,97,education,buy-more,Aggressive
49,35000,28,1,249,education,panic-sell,Conservative
54,50000,0,5,336,education,buy-more,Moderate
42,150000,4,4,82,emergency,hold,Conservative
23,150000,26,3,298,emergency,panic-sell,Moderate
29,100000,21,3,71,wealth,panic-sell,Aggressive
57,10000,7,2,303,education,hold,Moderate
42,10000,16,2,271,wealth,panic-sell,Conservative
49,35000,28,1,249,education,panic-sell,Conservative
27,35000,29,5,63,wealth,hold,Aggressive
59,75000,0,3,354,emergency,hold,Moderate
53,5000,1,1,103,retirement,panic-sell,Conservative
33,35000,27,4,351,wealth,panic-sell,Aggressive
35,75000,0,5,342,retirement,hold,Aggressive
59,50000,9,1,193,emergency,panic-sell,Conservative
24,200000,25,5,280,wealth,hold,Aggressive
51,50000,11,2,193,wealth,buy-more,Aggressive
32,35000,21,5,186,emergency,panic-sell,Conservative
48,150000,0,1,278,emergency,panic-sell,Conservative
26,35000,26,5,276,retirement,hold,Conservative
39,5000,2,2,196,emergency,panic-sell,Conservative
58,100000,27,3,116,emergency,buy-more,Moderate
39,75000,28,2,104,education,panic-sell,Conservative
48,150000,0,1,278,emergency,panic-sell,Conservative
42,150000,4,4,82,emergency,hold,Conservative
34,10000,4,5,274,education,buy-more,Aggressive
48,5000,18,5,311,retirement,buy-more,Aggressive
50,20000,2,1,276,retirement,hold,Moderate
37,200000,2,1,70,emergency,panic-sell,Conservative
61,75000,8,1,351,education,buy-more,Conservative
31,200000,11,2,301,retirement,buy-more,Aggressive
37,100000,13,1,304,retirement,buy-more,Aggressive
53,5000,1,1,103,retirement,panic-sell,Conservative
48,200000,19,5,64,retirement,hold,Aggressive
45,10000,5,1,206,education,panic-sell,Conservative
53,75000,24,1,328,emergency,hold,Moderate
32,35000,21,5,186,emergency,panic-sell,Conservative
41,10000,18,3,265,wealth,hold,Aggressive
23,50000,8,1,101,retirement,panic-sell,Conservative
32,10000,27,1,288,wealth,buy-more,Moderate
24,10000,0,2,213,education,hold,Moderate
60,150000,28,2,37,wealth,buy-more,Aggressive
52,100000,14,1,350,retirement,hold,Moderate
50,10000,11,3,186,education,hold,Moderate
37,100000,13,1,304,retirement,buy-more,Aggressive
41,150000,10,4,177,education,hold,Aggressive
22,200000,13,4,129,retirement,panic-sell,Aggressive
26,20000,17,4,338,wealth,panic-sell,Aggressive
59,50000,9,1,193,emergency,panic-sell,Conservative
23,200000,3,5,22,wealth,panic-sell,Moderate
63,10000,20,5,333,retirement,buy-more,Aggressive
53,20000,27,3,302,wealth,buy-more,Aggressive
63,50000,0,4,132,wealth,buy-more,Aggressive
50,10000,17,4,227,retirement,panic-sell,Conservative
30,20000,4,5,290,wealth,buy-more,Aggressive
50,10000,17,4,227,retirement,panic-sell,Conservative
37,35000,12,2,111,wealth,buy-more,Aggressive
48,150000,0,1,278,emergency,panic-sell,Conservative
50,20000,0,1,293,education,buy-more,Aggressive
46,10000,11,5,13,retirement,buy-more,Conservative
49,20000,2,2,235,education,panic-sell,Conservative
38,20000,22,5,341,wealth,buy-more,Aggressive
52,150000,6,2,225,wealth,panic-sell,Aggressive
47,35000,0,2,94,retirement,hold,Moderate
53,200000,17,3,337,wealth,buy-more,Aggressive
59,10000,9,3,176,retirement,buy-more,Conservative
36,5000,2,1,27,retirement,panic-sell,Conservative
23,35000,25,3,103,emergency,hold,Moderate
44,5000,4,2,58,retirement,panic-sell,Moderate
60,50000,19,4,297,emergency,buy-more,Moderate
36,5000,11,5,82,emergency,hold,Conservative
46,75000,5,1,192,emergency,panic-sell,Conservative
52,10000,16,1,16,emergency,panic-sell,Conservative
53,5000,1,1,103,retirement,panic-sell,Conservative
26,75000,25,5,179,education,hold,Aggressive
47,150000,17,5,122,retirement,hold,Moderate
23,50000,1,1,26,wealth,panic-sell,Moderate
30,10000,27,4,159,emergency,panic-sell,Moderate
37,35000,12,2,111,wealth,buy-more,Aggressive
36,5000,11,5,82,emergency,hold,Conservative
39,50000,29,3,98,emergency,hold,Moderate
27,200000,6,5,243,retirement,hold,Aggressive
38,75000,19,5,133,emergency,buy-more,Aggressive
52,200000,29,1,225,wealth,panic-sell,Moderate
47,200000,6,4,213,retirement,panic-sell,Moderate
39,75000,28,2,104,education,panic-sell,Conservative
59,10000,9,3,176,retirement,buy-more,Conservative
63,10000,20,5,333,retirement,buy-more,Aggressive
60,50000,5,1,304,wealth,buy-more,Moderate
46,75000,14,3,259,wealth,buy-more,Aggressive
45,10000,5,1,206,education,panic-sell,Conservative
33,5000,22,1,156,education,hold,Conservative
49,20000,2,2,349,wealth,panic-sell,Moderate
26,35000,26,5,276,retirement,hold,Conservative
53,50000,2,4,214,emergency,buy-more,Moderate
27,20000,24,1,278,education,hold,Moderate
24,20000,7,1,30,education,panic-sell,Conservative
32,35000,11,1,233,wealth,panic-sell,Moderate
29,20000,3,1,202,emergency,panic-sell,Conservative
39,5000,2,2,196,emergency,panic-sell,Conservative
61,75000,8,1,351,education,buy-more,Conservative
22,10000,13,1,14,emergency,panic-sell,Conservative
29,10000,22,3,342,retirement,hold,Aggressive
43,100000,20,5,130,education,hold,Aggressive
61,35000,25,4,249,emergency,hold,Conservative
40,150000,13,4,319,education,panic-sell,Moderate
26,20000,17,4,338,wealth,panic-sell,Aggressive
35,5000,12,1,50,retirement,buy-more,Moderate
37,20000,17,4,195,wealth,buy-more,Aggressive
57,50000,9,3,276,retirement,buy-more,Conservative
29,50000,17,2,119,education,hold,Moderate
23,100000,5,1,161,wealth,buy-more,Aggressive
57,100000,23,1,261,wealth,panic-sell,Moderate
50,10000,17,4,227,retirement,panic-sell,Conservative
57,5000,16,4,182,retirement,buy-more,Aggressive
57,10000,8,3,339,retirement,buy-more,Moderate
26,150000,2,2,105,education,panic-sell,Moderate
29,20000,3,1,202,emergency,panic-sell,Conservative
25,20000,29,2,174,retirement,buy-more,Moderate
44,5000,4,1,116,emergency,panic-sell,Conservative
43,100000,3,2,100,emergency,panic-sell,Moderate
46,200000,3,2,72,education,buy-more,Moderate
27,20000,4,2,329,education,panic-sell,Moderate
63,50000,20,5,22,education,hold,Moderate
42,150000,4,4,82,emergency,hold,Conservative
48,20000,13,3,34,emergency,panic-sell,Conservative
38,100000,16,4,200,emergency,hold,Aggressive
45,10000,27,1,27,emergency,panic-sell,Conservative
39,50000,1,3,342,emergency,buy-more,Moderate
53,5000,1,1,103,retirement,panic-sell,Conservative
54,100000,3,3,242,emergency,panic-sell,Moderate
48,20000,13,3,34,emergency,panic-sell,Conservative
38,75000,0,3,252,emergency,panic-sell,Moderate
48,100000,7,1,346,retirement,panic-sell,Moderate
56,75000,13,5,152,education,hold,Aggressive
52,75000,8,2,231,education,panic-sell,Moderate
50,35000,26,5,160,retirement,buy-more,Aggressive
59,35000,29,1,116,retirement,hold,Moderate
64,75000,21,5,276,retirement,buy-more,Aggressive
24,35000,21,4,254,retirement,hold,Aggressive
45,10000,5,1,206,education,panic-sell,Conservative
49,35000,28,1,249,education,panic-sell,Conservative
28,75000,19,3,275,emergency,buy-more,Aggressive
49,150000,10,2,48,wealth,panic-sell,Moderate
24,5000,18,4,189,emergency,buy-more,Aggressive
48,200000,26,3,187,wealth,hold,Aggressive
42,10000,16,2,271,wealth,panic-sell,Conservative
22,5000,12,4,289,wealth,panic-sell,Aggressive
52,10000,16,1,16,emergency,panic-sell,Conservative
37,200000,11,2,180,retirement,buy-more,Aggressive
42,150000,4,4,82,emergency,hold,Conservative
46,75000,5,1,192,emergency,panic-sell,Conservative
59,200000,16,4,131,retirement,panic-sell,Moderate
41,150000,10,4,177,education,hold,Aggressive
22,10000,13,1,14,emergency,panic-sell,Conservative
58,20000,5,1,8,education,panic-sell,Conservative
34,20000,0,3,326,emergency,panic-sell,Moderate
50,75000,18,5,73,wealth,buy-more,Aggressive
54,150000,15,3,161,wealth,buy-more,Aggressive
33,5000,22,1,156,education,hold,Conservative
48,35000,11,1,111,wealth,buy-more,Moderate
58,50000,7,4,219,education,hold,Moderate
33,5000,22,1,156,education,hold,Conservative
61,200000,0,4,44,retirement,hold,Moderate
38,35000,17,3,230,education,buy-more,Conservative
39,10000,2,5,90,retirement,panic-sell,Moderate
56,150000,10,3,88,wealth,hold,Moderate
26,20000,23,4,192,wealth,panic-sell,Aggressive
49,20000,2,2,235,education,panic-sell,Conservative
23,10000,2,5,53,education,hold,Moderate
54,150000,13,5,272,retirement,buy-more,Aggressive
22,35000,17,4,132,emergency,hold,Aggressive
43,75000,23,1,13,emergency,panic-sell,Conservative
63,20000,19,2,13,retirement,hold,Moderate
47,150000,22,4,231,wealth,panic-sell,Aggressive
43,10000,4,5,202,retirement,hold,Aggressive
35,150000,7,4,95,retirement,hold,Conservative
50,100000,27,1,288,education,buy-more,Moderate
55,200000,10,3,65,retirement,buy-more,Conservative
34,100000,10,1,318,wealth,panic-sell,Moderate
37,200000,2,1,70,emergency,panic-sell,Conservative
54,150000,13,5,272,retirement,buy-more,Aggressive
61,35000,15,5,171,retirement,panic-sell,Moderate
28,20000,18,4,321,wealth,hold,Aggressive
61,100000,16,1,230,retirement,hold,Moderate
40,200000,14,2,258,wealth,hold,Conservative
26,50000,22,1,211,wealth,hold,Aggressive
64,200000,7,5,332,emergency,panic-sell,Moderate
25,35000,20,3,142,wealth,panic-sell,Aggressive
44,10000,20,4,130,retirement,buy-more,Aggressive
51,50000,5,1,273,wealth,hold,Moderate
